 INTERPRETE, TITULO, SELLO, ESTILO, LUGAR DE COMPRA
 2 BROTHERS ON THE 4TH FLOOR, LET ME BE FREE, LOWLAND RECORDS, EURODANCE, FANTASIA
 2 BROTHERS ON THE 4TH FLOOR, FAIRYTALES, LOWLAND RECORDS, EURODANCE, FANTASIA
 2 BROTHERS ON THE 4TH FLOOR, FLY, LOWLAND RECORDS, EURODANCE, FANTASIA
 2 BROTHERS ON THE 4TH FLOOR, COME TAKE MY HAND, LOWLAND RECORDS, EURODANCE, FANTASIA
 2 COLORS, MUSIC OF MY LIFE, BOY RECORDS, EURODANCE, FANTASIA
 2 COLORS, MAGIC WORLD, BOY RECORDS, EURODANCE, FANTASIA
 2 COLORS, YOU LOOK LIKE THE SUN, NOT ONLY MUSIC, EURODANCE, FANTASIA
 2 COLORS, LOVE & EMOTION, NOT ONLY MUSIC, EURODANCE, FANTASIA
 2 FABIOLA, PLAY THIS SONG, MAX MUSIC, EURODANCE, FANTASIA
 2 FABIOLA, LIFT YOU UP, MAX MUSIC, EURODANCE, FANTASIA
 2 FABIOLA, FREAK OUT, CIRCUS RECORDS, EURODANCE, FANTASIA
 2 JEE'S, MATRIX, TIDE RECORDS, PROGRESSIVE, INTERGROOVE
 2 UNLIMITED, NO LIMITS, BLANCO Y NEGRO, EURODANCE, FANTASIA
 2 UNLIMITED, TRIBAL DANCE, BLANCO Y NEGRO, EURODANCE, FANTASIA
 2 UNLIMITED, FACES, BLANCO Y NEGRO, EURODANCE, FANTASIA
 2 UNLIMITED, MAXIMUM OVERDRIVE, BLANCO Y NEGRO, EURODANCE, FANTASIA
 2 UNLIMITED, LET THE BEAT CONTROL YOUR BODY, BLANCO Y NEGRO, EURODANCE, FANTASIA
 2 UNLIMITED, THE REAL THING, BLANCO Y NEGRO, EURODANCE, FANTASIA
 2 UNLIMITED, NO ONE, BLANCO Y NEGRO, EURODANCE, FANTASIA
 2 UNLIMITED, HERE I GO, BLANCO Y NEGRO, EURODANCE, FANTASIA
 2 UNLIMITED, JUMP FOR JOY, BLANCO Y NEGRO, EURODANCE, PLASTIC
 2 UNLIMITED, NEVER SURRENDED, BLANCO Y NEGRO, EURODANCE, PLASTIC
 2OU, EXPERIENCE, MASSIVE, TRANCE, MUSIC MAIL
 3 L MENTS, DIS FLUTE, MAX MUSIC, MAKINA, FANTASIA
 31 LAYERS, PEEP SHOW, BIT MUSIC, MAKINA, FANTASIA
 31 LAYERS, O'CLOCK, BOY RECORDS, MAKINA, FANTASIA
 3-O-MATIC, SUCCESS, MAAD RECORDS, EURODANCE, EN ZARAGOZA
 3RD MILLENIUM, ATTENTION, MOON RECORDS, TECHNO, PLASTIC
 6 6 6, DIABLO, DJ'S AT WORK, TECHNO, FANTASIA
 6 6 6 , THE OMEN, HOUSE NATION, TECHNO TRANCE, FANTASIA
 740 BOYZ, SHIMMY SHAKE, MAX MUSIC, EURODANCE, FANTASIA
 ABEL RAMOS presents OVERDRIVE, DAS SPIEGEL, UFO WAVES, PROGRESSIVE, FANTASIA
 ABNEA, VELVET MOODS, CYBER MUSIC, TRANCE, FANTASIA
 ABOVE & BEYOND, FAR FROM IN LOVE, ANJUNA BEATS, TRANCE, MUSIC HEAD
 ABSOLOM, THE AIR, FREESTYLE, TRANCE, FANTASIA
 ABSOLOM, STARS, CYBER MUSIC, PROGRESSIVE, FANTASIA
 A-C-E, STAIRWAY TO HEAVEN, FRIENDSHIP RECORDINGS, TRANCE, MUSIC HEAD
 ACTIVE SENSE, HEAR THIS, MOON RECORDS, MAKINA, FANTASIA
 ADAM F, MUSIC IN MY MIND, INTERCORD TON GMBH, HOUSE, INTERCORD
 ADK 1, WAIT, FERPAS MUSIC, MAKINA, FANTASIA
 ADRENALINA, TAKE ME BACK, TOPE SECRET RECORDS, TECHNO, FANTASIA
 AFRIKA BAMBAATAA, PUPUNANNY, MAX MUSIC, EURODANCE, FANTASIA
 AGENDA, HEAVEN   , DANCE DIVISION, TRANCE, FANTASIA
 AGNELLI & NELSON, EVERYDAY, XTRAVAGANZA RECORDS, TRANCE, FANTASIA
 AGNELLI & NELSON, EMBRACE, XTRAVAGANZA RECORDS, TRANCE, PLASTIC
 AGNELLI & NELSON, HUDSON STREET, XTRAVAGANZA RECORDS, TRANCE, MUSIC MAIL
 AGNELLI & NELSON, VEGAS, XTRAVAGANZA RECORDS, TRANCE, DICMUSIC
 AIRCRAFT, FIESTA, CIRCLES, ACID TRANCE, MUSIC MAIL
 AIRCRAFT, CLUB CONTROL, VISION SOUNCARRIERS, ACID TRANCE, VISION SOUNDCARRIERS
 AIRFIRE, RAPE, FUTURE RECORDINGS, TRANCE, SUCK ME PLASMA
 AIRFIRE, MY GENERATION, SUCK ME PLASMA, TRANCE, MUSIC MAIL
 AIRFIRE feat TALLA 2XLC, NO SIGNS OF LIFE, LEGEND RECORDS, TRANCE, CORTE INGLES
 AIRSCAPE, L'ESPERANZA, STEADY BEAT RECORDS, TRANCE, CORTE INGLES
 AIRTRIBE, SUNFLOWER, EDM RECORDS, HARDTRANCE, FANTASIA
 AIRWAVE, ABOVE THE SKY, BONZAI TRANCE, TRANCE, PLASTIC
 AIRWAVE, ANOTHER DIMENSION, BONZAI TRANCE, TRANCE, MUSIC HEAD
 AIRWAVE vs RISING STAR, SUNSPOT, BONZAI TRANCE, TRANCE, MUSIC HEAD
 ALADINO, BROTHERS IN THE SPACE, MAX MUSIC, EURODANCE, FANTASIA
 ALARM, ALARM, BIT MUSIC, MAKINA, TRACK DISCOS
 ALDUS HAZA, HEY A WA, MOON RECORDS, MAKINA, FANTASIA
 ALDUS HAZA, WAR MIXES, MOON RECORDS, MAKINA, FANTASIA
 ALDUS HAZA, TO THE BEAT, MOON RECORDS, MAKINA, FANTASIA
 ALDUS HAZA, MOON MUSIC, MOON RECORDS, MAKINA, FANTASIA
 ALDUS HAZA, HEAVENWARDS, MOON RECORDS, MAKINA, FANTASIA
 ALDUS HAZA, TROJAN HORSE, MOON RECORDS, MAKINA, FANTASIA
 ALEXIA, ME AND YOU, BLANCO Y NEGRO, EURODANCE, FANTASIA
 ALEXIA, SUMMER IS CRAZY, BLANCO Y NEGRO, EURODANCE, FANTASIA
 ALICE DEEJAY, BACK IN MY LIFE, VIOLENT MUSIC, TRANCE, FANTASIA
 ALICE DEEJAY, THE LONELY ONE, VIOLENT MUSIC, TRANCE, FANTASIA
 ALIEN FACTOR, PLEXUS, VALE MUSIC, PROGRESSIVE, FANTASIA
 ALIEN FACTORY, ANYTIME AND ANYPLACE, TIME UNLIMITED, HARDTRANCE, INTERGROOVE
 ALIEN FACTORY, BETA MUSIC '97, UNDERWORLD RECORDS, TRANCE, MUSIC MAIL
 ALIEN FACTORY, SCRAPER, TIME UNLIMITED, TRANCE, INTERGROOVE
 ALLAN McLOUD feat FRASER, SILENT RUNNING, INSOLENT TRACKS, TRANCE, FANTASIA
 ALLEGRO, MOMENTS IN LOVE, INSOLENT TRACKS, PROGRESSIVE, FANTASIA
 ALPHA BIT, BALERA, H&G RECORDS, HARDTRANCE, INTERGROOVE
 ALPHA PRIME, GET ON UP, WICKED TUNES, TRANCE, MUSIC MAIL
 ALPHAVILLE, BIG IN JAPAN, WEA MUSIK, TECHNO POP, SEGUNDA MANO
 AMADEUS, LOVE SONG, BIT MUSIC, MAKINA, FANTASIA
 AMBASSADOR, ONE OF THESE DAYS, CYBER MUSIC, TRANCE, DICMUSIC
 AMBITION, DAYFLIGHT, ILLUMINATE RECORDS, TRANCE, MUSIC HEAD
 ANACHRONISTIC PEOPLE, GO JACKY!, UNION SRL, TECHNO, FANTASIA
 ANALOGIC, GO BACK!, BOY RECORDS, MAKINA, FANTASIA
 ANALOGIC 2, ADRENALINA, BOY RECORDS, MAKINA, FANTASIA
 ANASTASIA, ANASTASIA, STEREOPHONIC, TRANCE, MUSIC MAIL
 ANASTASIA, ANASTASIA REMIXES, STEREOPHONIC, TRANCE, MUSIC MAIL
 ANDORA, LET IT FLOW, DDE RECORDS, TRANCE, PLASTIC
 ANDY JAY POWELL, LOVE NATION, SUCK ME PLASMA, TRANCE, MUSIC MAIL
 ANDY JAY POWELL meets ROBERT KLINE, LIKE A DREAM, AUDIOPLAST RECORDS, TRANCE, MUSIC HEAD
 ANDY TREX, PULSE FICTION EP, NOOM UK RECORDS, ACID TECHNO, FANTASIA
 ANGELES, HIGH HORSE, NIGHT FLIGHT, PROGRESSIVE, PLASTIC
 ANNIE EVANS, THE END OF THE ROAD, DUBIDO, EURODANCE, CORTE INGLES
 ANONIM, ANONIM, MAX MUSIC, MAKINA, TRACK DISCOS
 ANTHENOIDE, BEYOND THE SILENCE, BULL'S EYER ECORDS, TECHNO, FANTASIA
 ANTICAPPELLA feat MC FIXX IT, MOVE YOUR BODY, MAX MUSIC, EURODANCE, FANTASIA
 AQUAGEN, YOU ARE SO QUIET, DOS OR DIE RECORDINGS, TRANCE, MUSIC MAIL
 AQUALITE, WHAT IS LIFE, SUCK ME PLASMA, TRANCE, FANTASIA
 AQUALITE, OUTBACK, RED ALERT, TRANCE, MUSIC MAIL
 AQUALOOP, GET NAUGHTY, FOG AREA LIMITED, HARDTRANCE, FANTASIA
 AQUALOOP, GET NAUGHTY REMIXES, FOG AREA LIMITED, HARDTRANCE, FANTASIA
 AQUALORDS, WITCHES, CYBER MUSIC, PROGRESSIVE, FANTASIA
 AQUAPLEX meets JUNK PROJECT, BRIGHTNESS, XTRANOVA RECORDS, TRANCE, FANTASIA
 AREA, MUSIC FOR YOUR EYES, UFO WAVES, DANCE, FANTASIA
 AREA, TEARS OF FIRE, UFO WAVES, DANCE, FANTASIA
 AREXX, MOON BEAM, QUALITY RECORDS, MAKINA, FANTASIA
 ARKETIPO, THE SOUND OF NOW, BOY RECORDS, MAKINA, FANTASIA
 ARKIMED, L'ULTIMO DEI MOHICANI, DIG IT, MAKINA, FANTASIA
 ARMIN VAN BUUREN, COMMUNICATION, CYBER RECORDS, TRANCE, DICMUSIC
 ARMIN VAN BUUREN, SUNBURN, ARMIND, TRANCE, MUSIC HEAD
 ARMIN VAN BUUREN feat RAY WILSON, YET ANOTHER DAY, ARMIND, TRANCE, MUSIC HEAD
 ARRAKIS, THE SPICE, TRACID TRAXXX, TRANCE, PLASTIC
 ARRAKIS UK, AIRA FORCE, ELECTROPOLIS, TRANCE, FANTASIA
 ARROW, BACK IN THE HOUSE, OVERDOSE, TRANCE, FANTASIA
 ARSENIC ALLSTARS, SAVE THE PLANET EP, UPBEAT RECORDS, TRANCE, MUSIC MAIL
 ART BIZARRE, HOW TO LICK, EDM RECORDS, TRANCE, MUSIC MAIL
 ART OF TRANCE, MADAGASCAR, TRANSK RECORDS, TRANCE, MUSIC MAIL
 ART OF TRANCE feat CAROLINE LAVELLE, BREATHE, BLACKHOLE RECORDINGS, TRANCE, MUSIC MAIL
 ASCENSION, SOMEONE, CODE BLUE, TRANCE, FANTASIA
 ASCENSION, FOR A LIFETIME, XTRAVAGANZA RECORDS, TRANCE, MUSIC HEAD
 ASCENTION, STASIS, UG RECORDS, TRANCE, FANTASIA
 ASTRA , I NEED IT, NUKLEUZ, HARDHOUSE, FANTASIA
 ASTRAL INC, REMEMBER, FOG AREA TRANCE, TRANCE, FANTASIA
 ASTROLINE, SMILING FACES, ANTLER SUBWAY, PROGRESSIVE, FANTASIA
 ASTROLINE, ANGELS  , INSOLENT TRACKS, PROGRESSIVE, FANTASIA
 ASTROLINE feat DJ BART, TAKE GOOD CARE, INSOLENT TRACKS, PROGRESSIVE, FANTASIA
 A'S'Y'S', ACID SAVE YOUR SOUL, TRACID TRAXXX, ACID TRANCE, FANTASIA
 A'S'Y'S', ACID HEAD CRACKER REMIX, TRACID TRAXXX, ACID TRANCE, MUSIC MAIL
 A'S'Y'S', ACID NIGHTMARE, TRACID TRAXXX, ACID TRANCE, MUSIC MAIL
 ATB, 9 PM (TILL I COM), MORE MUSIC, TRANCE, FANTASIA
 ATB, DON'T STOP, VALE MUSIC, TRANCE, FANTASIA
 ATB, THE SUMMER, VALE MUSIC, TRANCE, FANTASIA
 ATB, LET U GO, KONTOR RECORDS, TRANCE, MUSIC MAIL
 ATB, HOLD YOU (THE MIXES), KONTOR RECORDS, TRANCE, MUSIC HEAD
 ATLANTIS vs AVATAR, FIJI, FUEL RECORDS, TRANCE, MUSIC MAIL
 ATMOSPHERIC, OXIGEN, BIT MUSIC, MAKINA, FANTASIA
 ATOMIC JUNKIES, ATOMIC JUNKIES, EDM RECORDS, HARDTRANCE, FANTASIA
 ATOMIC JUNKIES, THIS IS IT, EDM RECORDS, HARDTRANCE, FANTASIA
 ATOMIC SYSTEM, RAPIDO, BOY RECORDS, MAKINA, FANTASIA
 ATOR & AXEL, DANCE SECTION, BIT MUSIC, MAKINA, FANTASIA
 ATTICA, TIMEWARP, UFO WAVES, PROGRESSIVE, FANTASIA
 ATTICA 2, 2001 THE ODISSEY, UFO WAVES, PROGRESSIVE, FANTASIA
 ATTRACTIVE FUSION, EXTRA SIGHTSEEING, MASSIVE DRIVE, TRANCE, FANTASIA
 AVALLOC, LOOSE CONTROL, PUBLIC HOUSE RECORDS, HARDTRANCE, FANTASIA
 AVANT GARDE, GET DOWN, VOCAL BIZZ RECORDS, TECHNO HOUSE, FANTASIA
 AVATAR , RED PLANET, ILLUMINATE RECORDS, TRANCE, MUSIC HEAD
 AXIOM, MAKE'S ME FEEL, WHEEL WORKS, ACID TECHNO, FANTASIA
 AXIS, EMOTION, BONZAI RECORDS, HARDTRANCE, FANTASIA
 AYLA, LIEBE, UNSUBMISSIVE RECORDS, TRANCE, PLASTIC
 AYLA, ANGELFALLS, UNSUBMISSIVE RECORDS, TRANCE, FANTASIA
 AYLA presents YEL, THE SUN IS COMING OUT, UNSUBMISSIVE RECORDS, TRANCE, DEEJAY
 AYU, CONNECTED, DRIZZLY RECORDS, TRANCE, MUSIC HEAD
 B.B.E., SEVEN DAYS AND ONE WEEK, URBAN, TRANCE, FANTASIA
 B.B.E., FLASH, URBAN, TRANCE, FANTASIA
 B.B.E., DESIRE, URBAN, TRANCE, FANTASIA
 B.B.E., HOLLYWOOD, KOSMO RECORDS, TRANCE, MUSIC HEAD
 B.B.E., SEVEN DAYS AND ONE WEEK '99 REMIXES, INSOLENT TRACKS, TRANCE, FANTASIA
 B.G. THE PRINCE OF RAP, THE COLOUR OF MY DREAMS, DANCE POOL, EURODANCE, FANTASIA
 BACK & STAY, FIRE, TIME MACHINE RECORDS, MAKINA, FANTASIA
 BACTERY, ENERGY, BLANCO Y NEGRO, MAKINA, FANTASIA
 BALEARIC BILL, DESTINATION SUNSHINE, ANTLER SUBWAY, TRANCE, PLASTIC
 BALL 8, BLACK, PINK RECORDS, MAKINA, FANTASIA
 BALL 9, THE SPRING, PINK RECORDS, MAKINA, FANTASIA
 BALTES vs STEVENS, THE TOUCH, PROPELLER RECORDS, TRANCE, MUSIC MAIL
 BALTES vs STEVENS, ETERNAL SILENCE, PROPELLER RECORDS, TRANCE, MUSIC MAIL
 BANDIDO, I DROVE ALL NITE, KONG RECORDS, EURODANCE, FANTASIA
 BARABBA, EL RITMO RAPIDO, BOY RECORDS, EURODANCE, FANTASIA
 BARABBA, EL RITMO RAPIDO REMIXES, BOY RECORDS, EURODANCE, FANTASIA
 BARTHEZZ, INFECTED, SUPERSTAR RECORDINGS, PROGRESSIVE, MUSIC HEAD
 BASS BUMPERS, GOOD FUN, MAX MUSIC, EURODANCE, FANTASIA
 BASS BUMPERS, KEEP ON PUSHING, MAX MUSIC, EURODANCE, FANTASIA
 BATTLECATS, NIEMAND, 23 FRANKFURT RECORDS, TRANCE, MUSIC HEAD
 BATTLECATS, WARNING, SHIVA SOUNDS, TRANCE, MUSIC HEAD
 BCM, MIDNIGHT  , BCM RECORDS, TRANCE, MUSIC MAIL
 BEAM & YANOU, RAINBOW OF MINE, EMI ELEKTROLA GMBH, TRANCE, FANTASIA
 BEAM & YANOU, SOUND OF LOVE, BEAM TRAXX, TRANCE, FANTASIA
 BEAM & YANOU, THE FREE FALL, BEAM TRAXX, TRANCE, MUSIC MAIL
 BEAM vs CYRUS, TAKE THIS SOUND, EMI ELEKTROLA GMBH, TRANCE, MUSIC MAIL
 BEAM vs CYRUS, LIFESTYLE, EMI ELEKTROLA GMBH, TRANCE, MUSIC HEAD
 BEAM vs CYRUS, ALL OVER THE WORLD, EMI ELEKTROLA GMBH, TRANCE, MUSIC HEAD
 BEAT & PETER, V.A.N.G., MAX MUSIC, TECHNO HOUSE, FANTASIA
 BEATNIQZ, KICK IT, TIDY TRAX, HARDHOUSE, FANTASIA
 BENNO, FREEFALL, KARMA RECORDS, TRANCE, FANTASIA
 BEST COMPANY, LIVING, SIRUP RECORDS, TRANCE, MUSIC HEAD
 BETA-UNIT, SOMEBODY (... THE CLAP!), X-IT RECORDS, TRANCE, FANTASIA
 BIACCO, ENEMY, BONKA RECORDS, PROGRESSIVE, PLASTIC
 BINARY FINARY, 2000 REMIXES, ORBIT RECORDS, TRANCE, MUSIC MAIL
 BIOSPHERIC, RENDEZ-VOUS II, BIT MUSIC, MAKINA, FANTASIA
 BLACK AND WHITE, DO YOU KNOW, BLANCO Y NEGRO, EURODANCE, FANTASIA
 BLACKMAIL, DO YOU WANNA ...?, TEMPO GROOVE, TRANCE, FANTASIA
 BLANK & JONES, FLYING TO THE MOON, GANG GO MUSIC, TRANCE, PLASTIC
 BLANK & JONES, CREAM, GANG GO MUSIC, TRANCE, PLASTIC
 BLANK & JONES, AFTER LOVE REMIXES, GANG GO MUSIC, TRANCE, FANTASIA
 BLANK & JONES, THE NIGHTFLY, GANG GO MUSIC, TRANCE, PLASTIC
 BLANK & JONES, BEYOND TIME, GANG GO MUSIC, TRANCE, MUSIC MAIL
 BLANK & JONES," DJ'S, FANS & FREAKS", GANG GO MUSIC, TRANCE, MUSIC MAIL
 BLANK & JONES," DJ'S, FANS & FREAKS REMIXES", GANG GO MUSIC, TRANCE, MUSIC HEAD
 BLANK & JONES, DESIRE, GANG GO MUSIC, TRANCE, MUSIC MAIL
 BLANK & JONES, THE HARDEST HEART, GANG GO MUSIC, TRANCE, DEEJAY
 BLANK & JONES, THE HARDEST HEART REMIXES, GANG GO MUSIC, TRANCE, DEEJAY
 BLISS TEAM, PEOPLE HAVE THE POWER, BLANCO Y NEGRO, EURODANCE, FANTASIA
 BLOKKA, DIG DEEP, BOY RECORDS, TECHNO, FANTASIA
 BLOKKA, EXPLORATION, BIT MUSIC, TECHNO, FANTASIA
 BLUE ALPHABET, YELLOW EVOLUTION, BONZAI TRANCE, TRANCE, MUSIC MAIL
 BLUE DOLPHIN, FAITHFUL MEMORY, BLUE DEEP RECORDINGS, TRANCE, CORTE INGLES
 BOCCACCIO LIFE, TIME, DANCE OPERA, TRANCE, FANTASIA
 BOCCACCIO LIFE, THE SECRET WISH, GO FOR IT, TRANCE, FANTASIA
 BOCCACCIO LIFE, ANGELS, DANCE OPERA, TRANCE, FANTASIA
 BONDAGE, FUCKIN' BITCH, EDM RECORDS, TRANCE, MUSIC MAIL
 BONITO JULIO vs CLAUDIO MACALVO, HAMMERHEAD, HOT SCORE RECORDS, TECHNO, FANTASIA
 BONUSTRACK, BASIC THEME, BIT MUSIC, MAKINA, FANTASIA
 BPM SYSTEM VOL 2, C'EST SI BON, CONTRASEÑA RECORDS, MAKINA, FANTASIA
 BPM SYSTEM VOL 3, D-JA-VU, CONTRASEÑA RECORDS, MAKINA, FANTASIA
 BRAIN 10, UNDER MY COMMAND, BRAIN RECORDINGS, ACID, FANTASIA
 BRAINVIBE  , SYSTEM OF LOVE '97, UPBEAT RECORDS, TRANCE, MUSIC MAIL
 BRAINVIBE II, IT'S HOT, UPBEAT RECORDS, HOUSE PROGRESSIVO, FANTASIA
 BROOKLYN BOUNCE, FUNK U, CLUB TOOLS, TRANCE, FANTASIA
 BROOKLYN BOUNCE, LOUD & PROUD, DANCE DIVISION, TRANCE, MUSIC HEAD
 BROOKLYN BOUNCE, BRING IT BACK, DANCE DIVISION, TRANCE, DEEJAY
 BROOKLYN BOUNCE, BRING IT BACK REMIXES, DANCE DIVISION, TRANCE, MUSIC HEAD
 B-SIDE, IDEAL, BLANCO Y NEGRO, MAKINA, CORTE INGLES
 BURGY, LOCHFRESSER, QUICKEY RECORDS, TRANCE, MUSIC MAIL
 BUSH, FUTURE   , CASES RECORDS, TRANCE, MUSIC HEAD
 BUTTERFLY, CAN'T HELP FALLING IN LOVE, CARLIN MUSIC, EURODANCE, FANTASIA
 B-VOICE, ETERNITY, HAREM RECORDS, HARDTRANCE, PLASTIC
 B-VOICE, TURN OF THE YEAR, HAREM RECORDS, HARDTRANCE, FANTASIA
 C*Y*B*, NOW, RED ALERT, TRANCE, PLASTIC
 CABBALLERO, HYMN, MAX MUSIC, EURODANCE, FANTASIA
 CABBALLERO, DANCING WITH TEARS IN MY EYES, MAX MUSIC, EURODANCE, FANTASIA
 CABBALLERO, LOVE IS THE MESSAGE, MAX MUSIC, EURODANCE, FANTASIA
 CABBALLERO, LOVE IS A SHIELD, MAX MUSIC, EURODANCE, FANTASIA
 CAESAR, ORGASM, H&G RECORDS, TRANCE, PLASTIC
 CALDERONE, YOU'RE THE ONE, SPACE TRAXX, TRANCE, MUSIC MAIL
 CANAL SATELITE, BIGMOUTH STRIKES AGAIN, SOTELO INTERNACIONAL, EURODANCE, FANTASIA
 CANDY GIRLS, WHAM BAM, VIRGIN RECORDS, EURODANCE, FANTASIA
 CANTARA, PERSIAN LOVE SONG, BLUTONIUM RECORDS, TRANCE, MUSIC MAIL
 CANYON, FORBIDDEN CHANNEL, TETSUO RECORDS, TRANCE, MUSIC RESEARCH
 CAPE 4, AFRICA, GO FOR IT, TRANCE, MUSIC MAIL
 CAPPELLA, MOVE ON BABY, BLANCO Y NEGRO, EURODANCE, FANTASIA
 CAPPELLA, YOU AND ME, BLANCO Y NEGRO, EURODANCE, FANTASIA
 CAPPELLA, MOVE IT UP, BLANCO Y NEGRO, EURODANCE, FANTASIA
 CAPTAIN TINRIB, RIDE ME BABY, TINRIB RECORDINGS, HARDTRANCE, FANTASIA
 CASCADE, TRANSCEND, HOOK RECORDINGS, TRANCE, INTERGROOVE
 CATCHY TUNE, GENERATION OF LOVE, BOY RECORDS, HARDTRANCE, FANTASIA
 CAVEMAN, PÈRFECT PERVERT, POLAR STATE, TRANCE, FANTASIA
 CELESTIAL, THE LIGHT, MAX MUSIC, MAKINA, FANTASIA
 CELVIN ROTANE, I BELIEVE, MAX MUSIC, TECHNO HOUSE, FANTASIA
 CENITH X, FEEL, BLANCO Y NEGRO, TRANCE, FANTASIA
 CENTRAL, PARTY CENTRAL, DISCOSHOP, MAKINA, FANTASIA
 CENTRAL ROCK, C.E.N.T.R.A.L., WILD WEST RECORDS, MAKINA, FANTASIA
 CHAKRA, HOME, FRESH FISH RECORDS, TRANCE, FANTASIA
 CHAKRA & EDI MIS, X-FILE 99, CAMOUFLAGE, TRANCE, FANTASIA
 CHANT. SWEET IMAGES, SWEET IMAGES, VIRGIN RECORDS, TRANCE, PLASTIC
 CHARADE, FOR MY LOVE, REEF RECORDINGS, TRANCE, FANTASIA
 CHARLY LOWNOISE & MENTAL THEO, HARDCORE FEELINGS, URBAN, HAPPY HARDCORE, FANTASIA
 CHARLY LOWNOISE & MENTAL THEO, STREET KIDS, MASTER MAXIMUM, HAPPY HARDCORE, FANTASIA
 CHARLY LOWNOISE & MENTAL THEO, NEXT 2 ME, VALE MUSIC, HAPPY HARDCORE, FANTASIA
 CHASIS, WELCOME TO THE FUTURE, UFO WAVES, MAKINA, FANTASIA
 CHASIS feat RICARDO F, CRAZY DUCK, MAX MUSIC, MAKINA, FANTASIA
 CHELSEE, SWEET DESTINY, ORBIT RECORDS, TRANCE, FANTASIA
 CHERRYMOON TRAX, ALTERNATION, MINDWORX RECORDINGS, TRANCE, MUSIC RESEARCH
 CHICANE, NO ORDINARY MORNING, XTRAVAGANZA RECORDS, TRANCE, PLASTIC
 CHICANE, AUTUMN TACTICS, XTRAVAGANZA RECORDS, TRANCE, PLASTIC
 CHICANE feat BRYAN ADAMS, DON'T GIVE UP, XTRAVAGANZA RECORDS, TRANCE, PLASTIC
 CHIMO BAYO, LA TIA ENRIQUETA, KONG RECORDS, MAKINA, FANTASIA
 CHIMO BAYO, VAMOS AL ESPACIO EXTERIOR, KONG RECORDS, MAKINA, FANTASIA
 CHRIS RAVEN, I LOST YOU, BONZAI TRANCE, TRANCE, FANTASIA
 CHROME & PRICE, SUNRISE, VELVET VIBE RECORDINGS, TRANCE, INTERGROOVE
 CIHAN GUNGOR, UULTRA HART, ESCAPE RECORDS, TRANCE, MUSIC MAIL
 CITIZEN X, LONELY DAYS, CYBER MUSIC, TRANCE, FANTASIA
 CITIZEN X, RUNNING OUT OF TIME, TECHNOGOLD, TRANCE, CORTE INGLES
 CJ ROLO, DREAMS, BIT MUSIC, MAKINA, FANTASIA
 CJ ROLO, CYBERSPACE, BIT MUSIC, MAKINA, FANTASIA
 CJ STONE, INFINITY, KONTOR RECORDS, TRANCE, FANTASIA
 CJ STONE, SHINING STAR, KONTOR RECORDS, TRANCE, MUSIC MAIL
 CJ STONE, INTO THE SEA, KONTOR RECORDS, TRANCE, MUSIC HEAD
 CJ STONE, THE SUN, KONTOR RECORDS, TRANCE, MUSIC HEAD
 CLIMA-X, AIR PLEASE, BIT MUSIC, MAKINA, FANTASIA
 CLIMA-X, PICTURES, BIT MUSIC, MAKINA, FANTASIA
 CLIMA-X, PARASYTS, BIT MUSIC, MAKINA, PLASTIC
 CLINIX, LET IT FLOW, WASH, TRANCE, FANTASIA
 CLONED MIND, WHERE IS THE SUN, FRIENDSHIP RECORDINGS, TRANCE, MUSIC MAIL
 CLONED MIND, WELCOME TO MY WORLD, FRIENDSHIP RECORDINGS, TRANCE, MUSIC MAIL
 CLONED MIND, CHANGES, FRIENDSHIP RECORDINGS, TRANCE, MUSIC HEAD
 CLUB CULTURE, EVERYBODY WANNA ROCK, STIK RECORDS, TECHNO, PLASTIC
 CLUB DISCIPLES, TEKNICIDA, EDM RECORDS, HARDTRANCE, FANTASIA
 CLUB DISCIPLES, BODYTHIEF, EDM RECORDS, HARDTRANCE, FANTASIA
 CLUB HOUSE, LIVING IN THE SUNSHINE, BLANCO Y NEGRO, EURODANCE, FANTASIA
 CLUBMASTERZ, CYBERDRIVE, SILICON RECORDINGS, TRANCE, MUSIC MAIL
 CO.RO, FOR YOUR LOVE, BOY RECORDS, EURODANCE, FANTASIA
 CO.RO, TEMPTATION, BOY RECORDS, EURODANCE, FANTASIA
 COASTER feat TANESHA WALKER, ALL OF ME, BONKA RECORDS, PROGRESSIVE, FANTASIA
 COCOOMA, ENERGETIC, EDM RECORDS, HARDTRANCE, PLASTIC
 COCOOMA, VIRTUAL EXPERIENCE, EDM RECORDS, HARDTRANCE, FANTASIA
 COCOOMA, DISTRICT OF POWER, EDM RECORDS, HARDTRANCE, FANTASIA
 CODE 20 , PROGRESSIV ATTACK, UNITED RAVERS RECORDS, HARDTRANCE, MUSIC MAIL
 CODE 23, STONED, UNITED RAVERS RECORDS, HARDTRANCE, FANTASIA
 CODE 24, BLOW YOUR MIND, UNITED RAVERS RECORDS, HARDTRANCE, FANTASIA
 CODE 25, ORGANIX, UNITED RAVERS RECORDS, HARDTRANCE, FANTASIA
 CODE 26, ALARM, UNITED RAVERS RECORDS, HARDTRANCE, FANTASIA
 CODE 27, CAN'T GET ENOUGH, UNITED RAVERS RECORDS, HARDTRANCE, MUSIC MAIL
 CODE 28, FEEL MY DESIRE, UNITED RAVERS RECORDS, HARDTRANCE, CORTE INGLES
 CODE 29, KICK THAT BASS, UNITED RAVERS RECORDS, HARDTRANCE, FANTASIA
 CODE 30, SPACERIDER, UNITED RAVERS RECORDS, HARDTRANCE, FANTASIA
 CODE 31, ELECTRO SLIDE, UNITED RAVERS RECORDS, HARDTRANCE, MUSIC MAIL
 CODE 32, MAGIC TRANCE, UNITED RAVERS RECORDS, HARDTRANCE, FANTASIA
 CODE 33, TABULAR DESPERATION, MADE IN DJ, HARDTRANCE, CORTE INGLES
 CODE 34, TRANCEFORMER, UNITED RAVERS RECORDS, HARDTRANCE, FANTASIA
 CODE 35, GETTING OUT OF SPACE, UNITED RAVERS RECORDS, TRANCE, FANTASIA
 CODE 36, MIRAGE, UNITED RAVERS RECORDS, TRANCE, MUSIC MAIL
 CODE 37, ASTRAL 98, UNITED RAVERS RECORDS, TRANCE, MUSIC MAIL
 CODE 38, VISION, UNITED RAVERS RECORDS, TRANCE, FANTASIA
 CODE 39, A TRIP TO THE FUTURE, UNITED RAVERS RECORDS, TRANCE, FANTASIA
 CODE 40, AURAL HARMONY, UNITED RAVERS RECORDS, TRANCE, FANTASIA
 CODE 41, ON A MISSION, UNITED RAVERS RECORDS, HARDTRANCE, FANTASIA
 CODE 42, HIGHER, UNITED RAVERS RECORDS, HARDTRANCE, MUSIC MAIL
 CODE 43 , MIDNIGHT ALARM, UNITED RAVERS RECORDS, HARDTRANCE, FANTASIA
 CODE 44, THEME FROM DOLPHIN TRANCE, UNITED RAVERS RECORDS, TRANCE, MUSIC MAIL
 CODE 45, LET DA MUSIC FLOW, UNITED RAVERS RECORDS, TRANCE, FANTASIA
 CODE 46, RUNNIN' ROUND MY BRAIN, UNITED RAVERS RECORDS, TRANCE, MUSIC MAIL
 CODE BLUE, TRIPPIN' IN HAMBURG EP, BLUE RECORDINGS, TECHNO HOUSE, FANTASIA
 COMMANDER TOM, ARE AM EYE, MADE IN DJ, HARDTRANCE, FANTASIA
 COMMANDER TOM, ARE AM EYE REMIXES, XTRANOVA RECORDS, HARDTRANCE, FANTASIA
 COMMANDER TOM, THE VULCAN, NOOM RECORDS, TRANCE, FANTASIA
 COMMANDER TOM, KISS MYSELF, NOOM RECORDS, TRANCE, FANTASIA
 COMMITTEE, TRANCE LINE, MD RECORDS, MAKINA, FANTASIA
 COMMITTEE, WELCOME, MD RECORDS, MAKINA, FANTASIA
 COMPOSER TRACKS, FALL DOWN, PLASTIC RECORDS, MAKINA, FANTASIA
 CONDOR, ON MY OWN, GO FOR IT, TRANCE, MUSIC MAIL
 CONTROL, MOVE, MD RECORDS, MAKINA, FANTASIA
 CONTROL FREAKS, SUBSPACE INTERFERENCE, PLANETARY CONSCIOUSNESS, TRANCE, FANTASIA
 CONTROL-Z, INTERSTELLAR, QUAD COMMUN, TECHNO, CODIGO RECORDS
 COPYRIGHT KILLERS, SOUND CONNECTION, PIAS RECORDS, HARDTRANCE, FANTASIA
 COPYRIGHT KILLERS, SOUND CONNECTION, PIAS RECORDS, HARDTRANCE, PIAS RECORDS
 CORES, MATABU EP, NOOM RECORDS, ACID TECHNO, FANTASIA
 CORONA," BABY, BABY", BLANCO Y NEGRO, EURODANCE, FANTASIA
 CORPORACION DONDE ESTAMOS, IN THE YEAR 2525, TRACKCERO RECORDINGS, EURODANCE, FANTASIA
 COSMIC COMMANDO, ACID OVERDOSE, PIAS RECORDS, TRANCE, PIAS RECORDS
 COSMIC GATE, MENTAL ATMOSPHERE PART 2, EMI ELEKTROLA GMBH, TRANCE, FANTASIA
 COSMIC GATE, EXPLORATION OF SPACE, EMI ELEKTROLA GMBH, TRANCE, MUSIC MAIL
 COSMIC GATE, BACK TO EARTH, EMI ELEKTROLA GMBH, TRANCE, MUSIC MAIL
 COSMIC GATE, THE TRUTH, EMI ELEKTROLA GMBH, TRANCE, MUSIC HEAD
 COSMIC GATE, NO SLEEP, EMI ELEKTROLA GMBH, TRANCE, MUSIC HEAD
 COSMIC GATE, THE WAVE/RANGING REMIXES, EMI ELEKTROLA GMBH, TRANCE, MUSIC HEAD
 CREATOR OF VIBES, DIVINAE RITUAL, FRIENDSHIP RECORDINGS, TRANCE, MUSIC MAIL
 CREATURES IN THE NIGHT, THUNDER HOUSE, BOY RECORDS, MAKINA, PLASTIC
 CRITICAL MASS, BURNING LOVE, BIT MUSIC, HAPPY HARDCORE, FANTASIA
 CRITICAL MASS, IN YOUR EYES, BYTE RECORDS, PROGRESSIVE, PLASTIC
 CRW presents VERONIKA, PRECIOUS LIFE, BXR UK, TRANCE, MUSIC HEAD
 CULTURE BEAT, MR. VAIN, DANCE POOL, EURODANCE, FANTASIA
 CULTURE BEAT, GOT TO GET IT, DANCE POOL, EURODANCE, FANTASIA
 CULTURE BEAT, ANYTHING, DANCE POOL, EURODANCE, FANTASIA
 CULTURE BEAT, INSIDE OUT, DANCE POOL, EURODANCE, FANTASIA
 CULTURE GROOVES, GRINGO, SOUTHEAST RECORDS, TRANCE, FANTASIA
 CYBERSTORM, OUR ENERGY REMIXES, WASH, TRANCE, MUSIC MAIL
 CYCLICX, ANTHEM II, FETISH RECORDINGS, TRANCE, FANTASIA
 CYGNUS X, THE ORANGE THEME REMIXES, ID&T MUSIC BV, TRANCE, FANTASIA
 CYGNUS X, POSITRON 2002, ID&T MUSIC BV, TRANCE, MUSIC HEAD
 CYONIX, FUTURE IS MINE, DEEP BLUE RECORDINS, TRANCE, DEEJAY
 D.D.D., HAVIN' A GOOD TIME, BOY RECORDS, EURODANCE, FANTASIA
 D.I.D., INFINITY, DIGIDANCE, TECHNO HOUSE, FANTASIA
 D.O.N.S., DROP THE GUN, MAX MUSIC, TECHNO, FANTASIA
 D.TRANCE, HYMN, PIAS RECORDS, HARDTRANCE, FANTASIA
 D.TRANCE, SPRINGWORLD REMIXES, PIAS RECORDS, HARDTRANCE, PIAS RECORDS
 DA BLITZ, LET ME BE  , MAX MUSIC, EURODANCE, FANTASIA
 DA BLITZ, TAKE MY WAY, MAX MUSIC, EURODANCE, FANTASIA
 DA BLITZ, MOVIN'ON, BOY RECORDS, EURODANCE, FANTASIA
 DA BOY TOMMY, LITTLE DICKS, DJ'S AT WORK, JUMPER, FANTASIA
 DA BOY TOMMY, EASY, DJ'S AT WORK, JUMPER, PLASTIC
 DA RICK, BILL & MONICA, JUMPER RECORDS, JUMPER, PLASTIC
 D'ACIDO DOMINGO, SHADOWS, BEATZ ONLY RECORDS, HARDTRANCE, MUSIC MAIL
 DAFFODIL, ONLY FOR YOU, BIT MUSIC, EURODANCE, FANTASIA
 DAFT PUNK, AROUND THE WORLD, VIRGIN RECORDS, TECHNO HOUSE, HIT XOP
 DANCE 2 TRANCE, POWER OF AMERICAN NATIVES '98, INTERCORD TON GMBH, TRANCE, FANTASIA
 DANCE 2 TRANCE, POWER OF AMERICAN NATIVES '98, INTERCORD TON GMBH, TRANCE, INTERCORD
 DANCE TEST DUMMIES, DARKNESS, ACCELERATION, MAKINA, FANTASIA
 DANNY TRAVIS, FUNNY PEOPLE, BIT MUSIC, MAKINA, FANTASIA
 DANNY TRAVIS, FEEL GOOD, BIT MUSIC, MAKINA, FANTASIA
 DANSKI & DJ DELMUNDO, KISS, VIOLENT MUSIC, TRANCE, FANTASIA
 DANSKI & DJ DELMUNDO, CHEEKAH BOW BOW DISC 1, VIOLENT MUSIC, TRANCE, FANTASIA
 DANSKI & DJ DELMUNDO, CHEEKAH BOW BOW DISC 2, VIOLENT MUSIC, TRANCE, FANTASIA
 DARKSOUND, JUMP, TRACKCERO RECORDINGS, MAKINA, FANTASIA
 DARUDE, OUT OF CONTROL, URBAN, TRANCE, MUSIC HEAD
 DAS LICHT, WELTLICHTER, PUSH UP RECORDS, TRANCE, MUSIC MAIL
 DAS LICHT, TRAUMWELTEN, PUSH UP RECORDS, TRANCE, MUSIC MAIL
 DATURA, ETERNITY, BIT MUSIC, EURODANCE, FANTASIA
 DATURA, FADE TO GREY, BIT MUSIC, EURODANCE, FANTASIA
 DATURA, MANTRA, BIT MUSIC, EURODANCE, FANTASIA
 DAVE HOLMES, SAMSARA, TIDY TRAX, TRANCE, FANTASIA
 DAVE JOY, SECOND CHASE, PLANET TRAXX RECORDS, TRANCE, MUSIC HEAD
 DAWNTREADER, MISSION/REPLAY, PLANETARY CONSCIOUSNESS, TRANCE, INTERGROOVE
 DDC VOL 05, EXPLOSIONE, PINK RECORDS, MAKINA, PINK RECORDS
 DDC VOL 23, FOREVER, PINK RECORDS, MAKINA, FANTASIA
 DDC VOL 27, MASTER CITY, PINK RECORDS, MAKINA, FANTASIA
 DDC VOL 32, THIS IS NO HOUSE, PINK RECORDS, MAKINA, FANTASIA
 DDC VOL 41, VOYAGE, PINK RECORDS, MAKINA, FANTASIA
 DDC VOL 43, NO FREAK, PINK RECORDS, MAKINA, FANTASIA
 DDC VOL 44, KICK TIME, PINK RECORDS, MAKINA, FANTASIA
 DDC VOL 45, INTRUDER, PINK RECORDS, MAKINA, FANTASIA
 D-DEVILS, JUDGEMENT DAY REMIXES, URBAN, TRANCE, MUSIC HEAD
 DE DONATIS, THE VIRUS, MADE IN DJ, HOUSE PROGRESSIVO, TRACK DISCOS
 DE DONATIS, THE SOUND   , UPBEAT RECORDS, HOUSE PROGRESSIVO, FANTASIA
 DE DONATIS, LET IT ROLL, UPBEAT RECORDS, TRANCE, FANTASIA
 DEEMIND, U GOT TO TRY, EDM RECORDS, TRANCE, MUSIC MAIL
 DEFCON 3, LET YOURSELF GO, BLANCO Y NEGRO, MAKINA, FANTASIA
 DEJURE, SANCTUARY, SPOT ON RECORDS, TRANCE, FANTASIA
 DELIRIUM, CROW TO THE PRIME MEET, BLANCO Y NEGRO, MAKINA, FANTASIA
 DELORYN, DIVE INTO MY FANTASY, SPACE TRAXX, TRANCE, FANTASIA
 DEMOLEDOR, LA MAKINA DE LA VERDAD, EMI ODEON, MAKINA, FANTASIA
 DEMOLITION, NEWS, QUALITY RECORDS, MAKINA, PLASTIC
 DEMONDS, AGRESSIVE, ACCELERATION, MAKINA, FANTASIA
 DENNIS & ERRICK, LIMONADE, WHIPLASH RECORDS, TRANCE, FANTASIA
 DEPARTMENT 1, TOGETHER, MASSIVE DRIVE, TECHNO HOUSE, FANTASIA
 DEPECHE MODE, HOME, MUTE RECORDS, TECHNO POP, HIT XOP
 DER VERFALL, VATER UNSER, WEA MUSIK, TECHNO, CODIGO RECORDS
 DESERT MOON, GALBI, DOS OR DIE RECORDINGS, TRANCE, MUSIC MAIL
 DESIDERIO, STARLIGHT, CODE BLUE, TRANCE, MUSIC MAIL
 DETUNE, FREE MY SOUL, FULL-E RECORDS, TRANCE, MUSIC MAIL
 DEVIL DJ'S, ONE TIME, BIT MUSIC, MAKINA, FANTASIA
 DEVON, ALONE, SPACE TRAXX, TRANCE, MUSIC MAIL
 DIABOLITO, SHOWN THE BASS, EDM RECORDS, HARDTRANCE, PLASTIC
 DIAL M for MOGUAI, BEATBOX, KOSMO RECORDS, TECHNO, PLASTIC
 DIE PHYSIKER, DAS EXPERIMENT, FAIRLIGHT RECORDS, TRANCE, FANTASIA
 DIGILOVE, TOUCH ME, ITALIAN STYLE, EURODANCE, FANTASIA
 DIGITAL BOY, THE MOUNTAIN OF KING, BOY RECORDS, EURODANCE, CORTE INGLES
 DIGITAL DEE, LIVING TODAY, BIT PROGRESSIVE, PROGRESSIVE, FANTASIA
 DIGITAL REV, CYBERNETIC DREAM, METROPOL RECORDS, MAKINA, FANTASIA
 DILLINGER, TROPIC, LUCAS RECORDS, MAKINA, FANTASIA
 DISCO 8 , DISCO 8 EP, BLANCO Y NEGRO, MAKINA, FANTASIA
 DISCO 8 , NEXT GENERATION, VALE MUSIC, MAKINA, FANTASIA
 DISCO CITIZENS, FOOTPRINT REMIXES, CLUB TOOLS, TRANCE, FANTASIA
 DISCO NATION, KICK DA DISCO NATION, MIGHTY RECORDS, TECHNO, FANTASIA
 DISC-O-THEK, THE CRY OF THE WOLF, LOGIC TRANCE, TRANCE, CORTE INGLES
 DISKOVERY, MELODY PARTY, BLANCO Y NEGRO, MAKINA, FANTASIA
 DISTORTION & MC RAW vs ..., RAVEWORLD, MEGARAVE RECORDS, HARDCORE, MEGARAVE RECORDS
 DITH WEMYD, ATTACK, MAX MUSIC, MAKINA, FANTASIA
 DITH WEMYD, TAKE ME UP, BOY RECORDS, PROGRESSIVE, FANTASIA
 DITO, SKY, TORPEDO RECORDS, TRANCE, MUSIC HEAD
 DIVER & ACE, MENTAL THING, GO FOR IT, TRANCE, INTERGROOVE
 DJ 8MIX," CHILDREN, GET UP!", D-BOY RECORDS, HARDCORE, FANTASIA
 DJ ABLAZE, GROOVE, UPBEAT RECORDS, TRANCE, MUSIC MAIL
 DJ ABLAZE, THE ODWORLD, UPBEAT RECORDS, TRANCE, MUSIC MAIL
 DJ ALBERT, G DREAMS, JN RECORDS, TECHNO HOUSE, FANTASIA
 DJ ARNE LII meets MIRKO MILANO, OUT THERE, UPTIDE RECORDS, TRANCE, FANTASIA
 DJ ARRE, MAGNETIC FIELDS, MAX MUSIC, MAKINA, FANTASIA
 DJ AUGUSTO, STORY, WILD WEST RECORDS, MAKINA, FANTASIA
 DJ BENJA, FIRE, ACCELERATION, MAKINA, FANTASIA
 DJ BOBO, KEEP ON DANCING, MAX MUSIC, EURODANCE, FANTASIA
 DJ BOBO, TAKE CONTROL, MAX MUSIC, EURODANCE, FANTASIA
 DJ BOBO, LOVE IS ALL AROUND, EAMS GMBH, EURODANCE, FANTASIA
 DJ BOBO, FREEDOM, CNR MUSIC, EURODANCE, FANTASIA
 DJ BOBO, PRAY, EAMS GMBH, EURODANCE, FANTASIA
 DJ BOLO & DJ URI, XPERIENCE, BIT MUSIC, MAKINA, FANTASIA
 DJ BOLO & DJ URI, XPERIENCE 2, BIT MUSIC, MAKINA, FANTASIA
 DJ BOLO & DJ URI, CRAZY KIDS, BIT MUSIC, MAKINA, FANTASIA
 DJ BORR-X, NO LIMITS, BIT MUSIC, MAKINA, FANTASIA
 DJ CAPRI, BRUTAL, EMI ODEON, MAKINA, FANTASIA
 DJ CARLOS, THE END OF THE ROAD, CHIM CHIM PUM RECORDS, MAKINA, FANTASIA
 DJ CC, THE RHYTHM OF CHUPA CHUPA, MAX MUSIC, MAKINA, FANTASIA
 DJ CERLA & MORATTO, WONDER, BLANCO Y NEGRO, MAKINA, FANTASIA
 DJ CERLA feat JO SMITH, BECAUSE, BLANCO Y NEGRO, TECHNO, FANTASIA
 DJ CHOCI & POWDER FRONT, JUST FEEL IT, BIT MUSIC, HARDTRANCE, FANTASIA
 DJ CRACK, SPACE PEOPLE, FULL-E RECORDS, HARDTRANCE, MUSIC MAIL
 DJ CRACK, SPACE PEOPLE REMIXES, FULL-E RECORDS, HARDTRANCE, MUSIC MAIL
 DJ CRACK, BRING THE BASS BACK, FULL-E RECORDS, HARDTRANCE, FANTASIA
 DJ CRACK, ANOTHER DIMENSION, FULL-E RECORDS, HARDTRANCE, MUSIC MAIL
 DJ CRACK, ANOTHER DIMENSION REMIXES, FULL-E RECORDS, HARDTRANCE, FANTASIA
 DJ CRACK, HAPPINESS, FULL-E RECORDS, HARDTRANCE, MUSIC MAIL
 DJ CRACK, BRILLIANCE, FULL-E RECORDS, HARDTRANCE, MUSIC MAIL
 DJ CRACK, RHYTHM TAKE U HIGHER, FULL-E RECORDS, HARDTRANCE, FANTASIA
 DJ CRACK, WONDERLAND, FULL-E RECORDS, HARDTRANCE, MUSIC MAIL
 DJ CRACK, THE ACCESS OF TRANCE, FULL-E RECORDS, HARDTRANCE, MUSIC MAIL
 DJ D.O.C., ENTSPANNUNGTHERAPIE, REAKTOR RECORDS, TRANCE, FANTASIA
 DJ DARKZONE, INFINITY IN YOUR HANDS, FULL-E RECORDS, TRANCE, MUSIC HEAD
 DJ DARKZONE, OVERDRIVE, FULL-E RECORDS, TRANCE, MUSIC HEAD
 DJ DEAN, DARKNESS, TUNNEL RECORDS, HARDTRANCE, MUSIC MAIL
 DJ DEAN, IT'S TRUE, TUNNEL RECORDS, HARDTRANCE, FANTASIA
 DJ DEAN, FRIDAY NIGHT, TUNNEL RECORDS, HARDTRANCE, FANTASIA
 DJ DEE.M, ETERNAL, ALGO SALVAJE, MAKINA, TRACK DISCOS
 DJ DREAM, LOVE, ENERGIZED RECORDS, TRANCE, CODIGO RECORDS
 DJ DYD,DIMENSIONAL, BIT MUSIC, MAKINA, TRACK DISCOS
 DJ ED, OCEAN OF TEARS, UPBEAT RECORDS, TRANCE, MUSIC MAIL
 DJ EL BRUJO, WIZARD'S HEART, ALGO SALVAJE, MAKINA, FANTASIA
 DJ ENCORE feat ENGELINA, I SEE RIGHT THROUGH, URBAN, TRANCE, MUSIC HEAD
 DJ ENERGY, BELIEVER, TIME UNLIMITED, HARDTRANCE, FANTASIA
 DJ ENERGY, I JUST CAN'T GET ENOUGH, TIME UNLIMITED, HARDTRANCE, FANTASIA
 DJ ENERGY, STEP INTO THE ARENA, TIME UNLIMITED, HARDTRANCE, INTERGROOVE
 DJ ENERGY, ENTER THE FUTURE, ENERGETIC RECORDS, TRANCE, MUSIC MAIL
 DJ ENERGY, BELFAGOR, ENERGETIC RECORDS, TRANCE, MUSIC MAIL
 DJ ENERGY, EXCELSIS, ENERGETIC RECORDS, TRANCE, MUSIC MAIL
 DJ ERRIK, MINIMAL OBSESSION PART 2, ELECTROPOLIS, TRANCE, FANTASIA
 DJ FRANK T.R.A.X., ALCHEMY, MADE IN DJ, TECHNO, FANTASIA
 DJ FRANK T.R.A.X., ALCHEMY REMIXES, MADE IN DJ, TECHNO, FANTASIA
 DJ FROST, POISON, TORPEDO RECORDS, TRANCE, MUSIC HEAD
 DJ GENETIC, SCREAM, SOUNDWAVE MUSIC, TRANCE, MUSIC MAIL
 DJ GERARD & DJ BITTOR, GERMANY, CONTRASEÑA RECORDS, MAKINA, FANTASIA
 DJ GLENN vs VOLTAGE CLUB, SILENT SIX, RUNNER RECORDS, JUMPER, FANTASIA
 DJ GOLLUM, PAGEMASTER, MAX MUSIC, HARDTRANCE, FANTASIA
 DJ GOLLUM, FORTUNES, EDM RECORDS, HARDTRANCE, FANTASIA
 DJ GOLLUM, THE ENERGY, UK44 RECORDS, HARDTRANCE, FANTASIA
 DJ GOLLUM & DJ HUNTER, HARALD, TUNNEL RECORDS, HARDTRANCE, MUSIC MAIL
 DJ GOLLUM & DJ HUNTER, FEEL SO GOOD, TUNNEL RECORDS, HARDTRANCE, MUSIC MAIL
 DJ GOLLUM & DJ HUNTER, JOURNEY TO SOUND, TUNNEL RECORDS, HARDTRANCE, FANTASIA
 DJ GOLLUM & DJ YANNY, SOLARIS, BIT MUSIC, HARDTRANCE, FANTASIA
 DJ HITCH HIKER, BRAINTICKET REMIXES, VELVET VIBE RECORDINGS, TRANCE, FANTASIA
 DJ HITCH HIKER, SHOW ME HEAVEN, DREHSCHEIBE, TRANCE, MUSIC MAIL
 DJ HITCH HIKER & DUMONDT, DEFINITION , BONZAI RECORDS, HARDTRANCE, FANTASIA
 DJ HITCH HIKER & DUMONDT, TRAVELLING, VELVET VIBE RECORDINGS, HARDTRANCE, FANTASIA
 DJ HITCH HIKER & DUMONDT, HOW MUCH CAN YOU TAKE, VELVET VIBE RECORDINGS, TRANCE, INTERGROOVE
 DJ HITCH HIKER & DUMONDT, GENESIS, STEREOPHONIC, TRANCE, FANTASIA
 DJ HITCH HIKER presents LUNATIC ASYLUM, MELTDOWN, VELVET VIBE RECORDINGS, TRANCE, CORTE INGLES
 DJ HYDE, FAST, A45 MUSIC GMBH, TRANCE, CODIGO RECORDS
 DJ ISAAC, DAY ONE, RADAR RECORDS, PROGRESSIVE, FANTASIA
 DJ JAM X, SEXOMATIC REMIXES, CHAOS RECORDINGS, TRANCE, FANTASIA
 DJ JAM X, WARRIORS, CHAOS RECORDINGS, TRANCE, MUSIC MAIL
 DJ JAMO & JACK KNIVES, THE STRINGS OF HEAVEN, BYTE RECORDS, HARDTRANCE, MUSIC MAIL
 DJ JAN, X-SANTO, DRIZZLY RECORDS, TRANCE, FANTASIA
 DJ JAN, X-SANTO, BIT PROGRESSIVE, TRANCE, FANTASIA
 DJ JAN, MY IMPRESSION, DRIZZLY RECORDS, TRANCE, MUSIC MAIL
 DJ JAN, BLAXO, DRIZZLY RECORDS, TRANCE, MUSIC MAIL
 DJ JO, RELAX, FOG AREA RECORDS, HARDTRANCE, FANTASIA
 DJ JO vs TOM-X, U GOT IT!, NOTHING RECORDS, TRANCE, MUSIC HEAD
 DJ JOSE HISTERICO & DJ ERIC, TWISTER, BIT MUSIC, MAKINA, FANTASIA
 DJ JUAN CRUZ & ZONE, INUSUAL SPACE, BOY RECORDS, MAKINA, FANTASIA
 DJ JULIO, LA MUSICA, FOG AREA LIMITED, HARDTRANCE, FANTASIA
 DJ JULIO, RESIDENT OF THIS WORLD, FOG AREA LIMITED, HARDTRANCE, FANTASIA
 DJ JULIO, THE CONCEPT, ELECTROPOLIS, TRANCE, FANTASIA
 DJ KALPA & MARINO STEPHANO, DREAM'S HARMONY, DOS OR DIE RECORDINGS, HARDTRANCE, FANTASIA
 DJ KIM, GET READY TO EXPLODE, WATERWORLD RECORDS, TRANCE, MUSIC HEAD
 DJ KLEM, ELEKTRA REMIXES, BIT MUSIC, MAKINA, TRACK DISCOS
 DJ KONIK, VELOCITY 2, BIT MUSIC, MAKINA, FANTASIA
 DJ LOONEY TUNE, WORKSTATION, TETSUO RECORDS, TRANCE, MUSIC RESEARCH
 DJ LOVING LOOP, MY ONE DESIRE, FULL-E RECORDS, TRANCE, MUSIC HEAD
 DJ LOVING LOOP, I FEEL DA RHYTHM, FULL-E RECORDS, TRANCE, MUSIC HEAD
 DJ LUNATIC, DON'T BREAK MY HEART, DANCE POLUTION, TRANCE, MUSIC MAIL
 DJ MANGA, FANTASY, EDM RECORDS, HARDTRANCE, MUSIC MAIL
 DJ MANTA, HOLDING ON REMIXES, ALIEN RECORDINGS, PROGRESSIVE, CODIGO RECORDS
 DJ MARCELO, SENSORIA, CIRCLES, TRANCE, MUSIC MAIL
 DJ MARKOS 13 & OSKAR LARGE, PLASTI-K, MAKINARIA, MAKINA, FANTASIA
 DJ MARKOS 13 & OSKAR LARGE, FUTURE BEAT, MAKINARIA, MAKINA, FANTASIA
 DJ MARLYN vs REVEREND BEE, I HAVE SEEN THE FUTURE, SUCK ME PLASMA, TRANCE, MUSIC MAIL
 DJ MELLOW D, ON AND ON, EDM RECORDS, HARDTRANCE, FANTASIA
 DJ MELLOW D, UH BOP, BOY RECORDS, HARDTRANCE, FANTASIA
 DJ MELLOW D, FIREWORKS, EDM RECORDS, HARDTRANCE, FANTASIA
 DJ MIKI, DANCE PIU, MAX MUSIC, TECHNO HOUSE, FANTASIA
 DJ MIKI, BALLA PIU, MAX MUSIC, TECHNO HOUSE, FANTASIA
 DJ MIND X, THE NIGHTINGALE, RUNNER RECORDS, TRANCE, FANTASIA
 DJ MIND X, COLOURS, HAREM RECORDS, TRANCE, MUSIC MAIL
 DJ MIND X, VOYAGE, AQUALOOP RECORDINGS, TRANCE, MUSIC HEAD
 DJ MIND X, DOWN UNDER, HAREM RECORDS, TRANCE, MUSIC HEAD
 DJ MISJAH & DJ TIM, ACCESS, AM:PM RECORDS, ACID TECHNO, FANTASIA
 DJ NEIL, RAIN, ADN SOUND, MAKINA, FANTASIA
 DJ OVERDOG, NO LIMITS, OVERDOSE, TRANCE, FANTASIA
 DJ OVERDOG, BASSMACHINE, OVERDOSE, TRANCE, MUSIC MAIL
 DJ OVERDOG, I'M THE DJ, OVERDOSE, TRANCE, MUSIC HEAD
 DJ OVERDOG, IT'S NO OVER, OVERDOSE, TRANCE, MUSIC HEAD
 DJ PANDA, MY DIMENSION, OUTTA RECORDS, TRANCE, FANTASIA
 DJ PANDA feag NADIR, MY DIMENSION REMIXES, OUTTA RECORDS, TRANCE, FANTASIA
 DJ PANDA feag NADIR, TRUE LIFE, OUTTA RECORDS, TRANCE, FANTASIA
 DJ PASCAL vs RAVE CLUB, HIGH VOLUME, BONZAI JUMPS, HARDCORE, FANTASIA
 DJ PETER, I NEED LOVE, WILD WEST RECORDS, MAKINA, FANTASIA
 DJ PHILIP, REACH OUT, FOG AREA TRANCE, TRANCE, FANTASIA
 DJ PHILIP, ETERNALLY  , FREESTYLE, TRANCE, MUSIC MAIL
 DJ PIERRO, ANOTHER WORLD, MAAD RECORDS, DANCE, FANTASIA
 DJ PIYULI, ZOOM, MAX MUSIC, MAKINA, PLASTIC
 DJ POISON IV E.P., THEME FROM GREAT CITIES, SPHEAR RECORDS, TRANCE, MUSIC HEAD
 DJ POSITIVO, BAILA O MUERE, EMI ODEON, MAKINA, FANTASIA
 DJ QUICKSILVER, BOING, MADDOG RECORDS, TECHNO, FANTASIA
 DJ QUICKSILVER, FREE , UNDERDOG RECORDS, TRANCE, FANTASIA
 DJ QUICKSILVER, PLANET LOVE, UNDERDOG RECORDS, TRANCE, FANTASIA
 DJ QUICKSILVER, COSMOPHOBIA, UNDERDOG RECORDS, TRANCE, MUSIC MAIL
 DJ QUICKSILVER, AMENO, UNDERDOG RECORDS, TRANCE, MUSIC MAIL
 DJ QUICKSILVER, BOOMBASTIC, UNDERDOG RECORDS, TRANCE, MUSIC MAIL
 DJ RECHE, DON'T WORK, MADE IN DJ, TECHNO HOUSE, TRACK DISCOS
 DJ REYNEA, THE ARABIC EP, NO NAME RECORDS, TRANCE, PLASTIC
 DJ RICCI & MC HAIR, HARDTRAXX, BIT MUSIC, MAKINA, FANTASIA
 DJ RICHARD & JOHNNY BASS, THE SOUND OF O, MAX MUSIC, MAKINA, FANTASIA
 DJ RICHARD & JOHNNY BASS, DANGER, MAX MUSIC, MAKINA, FANTASIA
 DJ RODD-Y-LER, SEDUCTIONS, SUCK ME PLASMA, TRANCE, MUSIC MAIL
 DJ ROY, POWER PARTY, BIT MUSIC, MAKINA, FANTASIA
 DJ ROY, TAM TAM, BIT MUSIC, MAKINA, FANTASIA
 DJ RUBEN XXL, MYSTERIOUS SOUND, BIT MUSIC, MAKINA, FANTASIA
 DJ SAKIN & FRIENDS, DRAGONFLY, OVERDOSE, TRANCE, FANTASIA
 DJ SAKIN & FRIENDS, LITTLE PARADISE, OVERDOSE, TRANCE, MUSIC MAIL
 DJ SAKIN & FRIENDS, MIAMI, OVERDOSE, TRANCE, MUSIC MAIL
 DJ SALEZ vs DJ COR FIJNEMAN, LATTITUDE, IN TRANCE WE TRUST, TRANCE, DEEJAY
 DJ SAMMY & YANOU feat DO, HEAVEN, SUPER M ... RECORDS, TRANCE, MUSIC MAIL
 DJ SAMMY feat CARISMA, LIFE IS JUST A GAME, MAX MUSIC, EURODANCE, FANTASIA
 DJ SAMMY feat CARISMA, YOU''RE MY ANGEL, MAX MUSIC, EURODANCE, FANTASIA
 DJ SAMMY feat CARISMA, YOU'RE MY ANGEL REMIXES, PULP RECORDS, EURODANCE, FANTASIA
 DJ SAMMY feat CARISMA, PRINCE OF LOVE, MAX MUSIC, EURODANCE, FANTASIA
 DJ SAMMY feat CARISMA, GOLDEN CHILD, MAX MUSIC, EURODANCE, FANTASIA
 DJ SAMMY feat CARISMA, IN 2 ETERNITY, URBAN, DANCE, PLASTIC
 DJ SCANA, RELAX YOUR BODY, DIEFFE RECORDS, TECHNO, FANTASIA
 DJ SCOT PROJECT, TIME IS NOW, OVERDOSE, TRANCE, FANTASIA
 DJ SCOT PROJECT, TIME IS NOW, OVERDOSE, TRANCE, INTERCORD
 DJ SERCHEY, MAGIC ENERGY, ALGO SALVAJE, MAKINA, FANTASIA
 DJ SESSION ONE, TERMINATE THE BRAIN, HAREM RECORDS, HARDTRANCE, FANTASIA
 DJ SESSION ONE, OCEAN OF EMOTION, BLUTONIUM RECORDS, TRANCE, MUSIC MAIL
 DJ SESSION ONE, NO GRAVITY, BLUTONIUM RECORDS, TRANCE, MUSIC MAIL
 DJ SESSION ONE, JOURNEY THROUGH THE TIME, BLUTONIUM RECORDS, TRANCE, MUSIC MAIL
 DJ SESSION ONE vs YOMC, DREAMS IN MY FANTASY, BLUTONIUM RECORDS, TRANCE, FANTASIA
 DJ SESSION ONE vs YOMC, DREAMS IN MY FANTASY REMIXES, BLUTONIUM RECORDS, TRANCE, MUSIC MAIL
 DJ SHADOW, HIGH NOON, HOWAX RECORDS, TRIP HOP, HIT XOP
 DJ SHAH, HIGH, EMI ELEKTROLA GMBH, TRANCE, MUSIC HEAD
 DJ SHOG, THE 2ND DIMENSION   , LOGPORT RECORDINGS, TRANCE, MUSIC HEAD
 DJ SHOG, THE 2ND DIMENSION REMIXES, LOGPORT RECORDINGS, TRANCE, MUSIC HEAD
 DJ SHOG, THE 2ND DIMENSION REMIXES, LOGPORT RECORDINGS, TRANCE, DEEJAY
 DJ SILVERADO, BOING, BOY RECORDS, MAKINA, FANTASIA
 DJ SKRYKER, IMPACT, MAX MUSIC, MAKINA, FANTASIA
 DJ SKRYKER, SHOCK, BOY RECORDS, MAKINA, FANTASIA
 DJ SKRYKER, TENSION, BOY RECORDS, MAKINA, FANTASIA
 DJ SKUDERO, KRIPT-ON, BIT MUSIC, MAKINA, PLASTIC
 DJ SKYBEAM, TRANCE AT THE BEACH, BLUTONIUM RECORDS, TRANCE, MUSIC MAIL
 DJ SMOKE, DANCING FEET, N.A.F. RECORDS, JUMPER, FANTASIA
 DJ SNOWMAN, AND THEN THEY START TO DANCE REMIXES, E-CUTZ RECORDS, TRANCE, MUSIC HEAD
 DJ SYLVAN, GUITAR SPELL, MOON RECORDS, MAKINA, FANTASIA
 DJ SYLVAN, BLAST, MOON RECORDS, MAKINA, FANTASIA
 DJ SYLVAN, ADONAI, MOON RECORDS, MAKINA, FANTASIA
 DJ SYLVAN, HYPNOTIC, MOON RECORDS, MAKINA, FANTASIA
 DJ SYLVAN, SYSTEM OF LOVE   , MOON RECORDS, MAKINA, FANTASIA
 DJ SYLVAN, MASTER OF TIME, MOON RECORDS, MAKINA, FANTASIA
 DJ TANDU, VELVET, UNSUBMISSIVE RECORDS, TRANCE, MUSIC MAIL
 DJ TANDU presents AYLA, SINGULARITY/BRAINCHILD II, UNSUBMISSIVE RECORDS, TRANCE, FANTASIA
 DJ TANDU presents U:PHONICS, RUNNING, UNSUBMISSIVE RECORDS, TRANCE, MUSIC MAIL
 DJ TANDU presents U:PHONICS, RUNNING REMIXES, UNSUBMISSIVE RECORDS, TRANCE, MUSIC MAIL
 DJ TATANA meets DJ ENERGY, FEEL   , PLANET TRAXX RECORDS, TRANCE, MUSIC HEAD
 DJ TAUCHER, CHILD OF THE UNIVERSE, EMI GMBH, TRANCE, FANTASIA
 DJ TAUCHER, PICTURES OF A GALLERY, SCUBA RECORDS, TRANCE, MUSIC MAIL
 DJ TAUCHER, PICTURES OF A GALLERY REMIXES, SCUBA RECORDS, TRANCE, MUSIC MAIL
 DJ TIBBY, MIDNIGHT, FOG AREA TRANCE, TRANCE, FANTASIA
 DJ TIBBY, FIREDANCE REMIXES, FOG AREA TRANCE, TRANCE, FANTASIA
 DJ TIESTO, THE TUBE, FETISH RECORDINGS, TRANCE, MUSIC RESEARCH
 DJ TIESTO, THE MAGIK TALES EP 2, PLANET TRAXX RECORDS, TRANCE, CORTE INGLES
 DJ TIESTO, SPARKLES, BLACHOLE RECORDINGS, TRANCE, PLASTIC
 DJ TIESTO, URBAN TRAIN PART 1, DOS OR DIE RECORDINGS, TRANCE, MUSIC HEAD
 DJ TIESTO, THEME FROM NORFJELL, NETTWERK RECORDS, TRANCE, MUSIC MAIL
 DJ TIESTO, FLIGHT 643, NETTWERK RECORDS, TRANCE, MUSIC MAIL
 DJ TIESTO, URBAN TRAIN PART 2, DOS OR DIE RECORDINGS, TRANCE, MUSIC HEAD
 DJ TIESTO, URBAN TRAIN PART 3, DOS OR DIE RECORDINGS, TRANCE, MUSIC HEAD
 DJ TIESTO, LETHAL INDUSTRY REMIXES, NEBULA RECORDS, TRANCE, MUSIC HEAD
 DJ TOM STEVENS, FINAL FANTASY, GO FOR IT, TRANCE, FANTASIA
 DJ TOM STEVENS, TIME TRIP, GO FOR IT, TRANCE, CORTE INGLES
 DJ TOM STEVENS, EMOTIONS, GO FOR IT, TRANCE, MUSIC MAIL
 DJ TOM STEVENS vs FRIDGE, OUTFACE 2000, CYBER MUSIC, TRANCE, FANTASIA
 DJ TOMCRAFT, SILENCE, KOSMO RECORDS, TRANCE, MUSIC MAIL
 DJ TOMCRAFT, PROSAC, KOSMO RECORDS, TRANCE, MUSIC MAIL
 DJ TOMCRAFT, OVERDOSE  , KOSMO RECORDS, TRANCE, MUSIC HEAD
 DJ TOM-X, FREE YOUR FEELINGS, FOG AREA TRANCE, TRANCE, MUSIC MAIL
 DJ TOOLS, SMOKE FREE, BOY RECORDS, TECHNO, FANTASIA
 DJ TUTURU feat KARRY, COUNTDOWN, MAX MUSIC, EURODANCE, FANTASIA
 DJ TUTURU feat KARRY, CALM THE RAGE, MAX MUSIC, EURODANCE, FANTASIA
 DJ TV & AZIDMAN, OPEN YOUR EYES, MADE IN DJ, TECHNO, FANTASIA
 DJ VALIUM, BRING THE BASS BACK, DREAMTEAM RECORDS, TRANCE, PLASTIC
 DJ WAG, MAN ON THE MOON, OVERDOSE, TRANCE, FANTASIA
 DJ WAG, MAN ON THE MOON REMIXES, ELECTROPOLIS, TRANCE, CORTE INGLES
 DJ WAG, BRAINTALK, OVERDOSE, TRANCE, OVERDOSE
 DJ WAG, THE DARKNESS, OVERDOSE, TRANCE, MUSIC MAIL
 DJ WAG, LIFE ON MARS, OVERDOSE, TRANCE, MUSIC HEAD
 DJ WAG, BLACK MAGIC, OVERDOSE, TRANCE, MUSIC HEAD
 DJ XELA, ES GEHT VORAN, VALE MUSIC, TRANCE, FANTASIA
 DJ XPLOSIV, TRANSMISSION, FARO RECORDS, HARDTRANCE, MUSIC MAIL
 DJ XSONIC, BLUE SUN, FOG AREA TRANCE, TRANCE, FANTASIA
 DJ YANNY & THE PARAGOD, INITIALIZE, FOG AREA RECORDS, HARDTRANCE, FANTASIA
 DJ YVES, THE MAIN MAN, BONZAI JUMPS, HARDCORE, FANTASIA
 DJ'S @WORK, TIME TO WONDER REMIXES, VINYL VIBE RECORDS, TRANCE, MUSIC MAIL
 DJ'S AT WORK, THE BALLOOM, MAX MUSIC, MAKINA, FANTASIA
 DJ'S AT WORK, THE BALLOOM REMIXES, MAX MUSIC, MAKINA, FANTASIA
 DJ'S DAVID & BUTY, THE SHOUT OF THE PEASANT, KONG RECORDS, TECHNO, FANTASIA
 DJ'S M-ZONE & EXCEL, EXCELLENCE, UK44 RECORDS, HARDTRANCE, FANTASIA
 DOCTOR X, THE FLY IS STILL ALIVE, SAY SOME MORE RECORDS, TECHNO, FANTASIA
 DOGMA, IN THE CLUB, HAREM RECORDS, TRANCE, MUSIC HEAD
 DOGMA, DU BRENNST IMMER NOCH IN MIR, DANCE DIVISION, TRANCE, DEEJAY
 DOMINATORS, DREAM YOUR DREAM, NOTHING RECORDS, TRANCE, PLASTIC
 DOMINION, OUTSIDERS, PLANET TRAXX RECORDS, TRANCE, INTERGROOVE
 DON CU, PANDORA'S BOX, PRODISC, MAKINA, FANTASIA
 DON ESTEBAN, STEPPIN' OUT, BOY RECORDS, TRANCE, FANTASIA
 DONALD & GILES, THE CREATOR, LIQUID RECORDINGS, TRANCE, MUSIC HEAD
 DOOM, FACE IN THE DARK, BIT MUSIC, MAKINA, FANTASIA
 DOOMSDAY, A WITHER SHADE OF PALE, DHROM, HARDTRANCE, FANTASIA
 DOUBLE VISION, KNOCKIN' REMIXES, CONTRASEÑA RECORDS, EURODANCE, CORTE INGLES
 DOUBLE VISION, ALLRIGHT, CONTRASEÑA RECORDS, EURODANCE, FANTASIA
 DOUBLE YOU, RUN TO ME, BLANCO Y NEGRO, EURODANCE, FANTASIA
 DOUBLE YOU, DANCING WITH AN ANGEL, BLANCO Y NEGRO, EURODANCE, FANTASIA
 DOUBLE YOU," BECAUSE, I'M LOVING YOU", BLANCO Y NEGRO, EURODANCE, FANTASIA
 D-PROJECT, ON THE RECORD, BIT MUSIC, MAKINA, FANTASIA
 D-PROJECT, RADICAL, BIT MUSIC, MAKINA, CORTE INGLES
 DR. ALBAN," LOOK, WHO'S TALKING", BMG ARIOLA, EURODANCE, FANTASIA
 DR. ALBAN, AWAY FROM HOME, BMG ARIOLA, EURODANCE, FANTASIA
 DR. DOOM MORGAN, BASSY K, GLASS RECORDS, MAKINA, FANTASIA
 DR. KREATOR, IN YOUR MIND, DIG IT, TECHNO, TRACK DISCOS
 DR. KUCHO, OZONO, QUALITY RECORDS, MAKINA, PLASTIC
 DR. MOTTE & WESTBAM," ONE LOVE, ONE FUTURE", LOW SPIRIT RECORDS, TECHNO, FANTASIA
 DR. REPRISE, I CAN'T HEAR THIS, FERPAS MUSIC, MAKINA, FANTASIA
 DR. WHO, EXTASIA, EXPANDED MUSIC, TECHNO, FANTASIA
 DR. WHO & DJ SKUDERO, EXTASIA REMIXES, BIT MUSIC, MAKINA, FANTASIA
 DR. Z-VAGO, RUSSIAN ROULETTE, MEGARAVE RECORDS, HARDCORE, MEGARAVE RECORDS
 DRAX & SCOTT MAC, ANGEL, BLACHOLE RECORDINGS, TRANCE, MUSIC HEAD
 DRAX & SCOTT MAC, THE SUN, FULL ACCESS, TRANCE, DEEJAY
 DREAM PLANT, THE MIGHTY MACHINE, PROLEKULT RECORDS, TECHNO, FANTASIA
 DREAM TEAM PROJECT, MUSIC, MAX MUSIC, MAKINA, FANTASIA
 DREAM WAVE fest SM, NEVER STOP, SPACEFLOWER RECORDS, HARDTRANCE, MUSIC MAIL
 DREAM YOUR DREAM, GOES TROUBLE, BONZAI JUMPS, HAPPY HARDCORE, FANTASIA
 DRIFTWOOD, FREELOADER, EMI ELEKTROLA GMBH, TRANCE, MUSIC HEAD
 DROCK, I CAN'T BELIEVE IT'S OVER, SPITFIRE MUSIC, EURODANCE, SEGUNDA MANO
 DSIGUAL, DSIGUAL, BOY RECORDS, MAKINA, FANTASIA
 DSIGUAL, DSIGUAL 2, BOY RECORDS, MAKINA, FANTASIA
 DSIGUAL, BACK ORDER, BOY RECORDS, PROGRESSIVE, FANTASIA
 DSIGUAL, NATWJA, ELECTROPOLIS, PROGRESSIVE, FANTASIA
 DUAL-BASS feat LEO, FLY WITH THE MUSIC, BOY RECORDS, PROGRESSIVE, FANTASIA
 DUBBING, PRESSURE, MAKINARIA, MAKINA, FANTASIA
 DUE, UNDER THE SAME SUN, BLANCO Y NEGRO, EURODANCE, FANTASIA
 DUMONDE, SEE THE LIGHT, STEREOPHONIC, TRANCE, MUSIC MAIL
 DUMONDE, JUST FEEL FREE, STEREOPHONIC, TRANCE, MUSIC MAIL
 DUMONDE, NEVER LOOK BACK, SUPERSTAR RECORDINS, TRANCE, MUSIC HEAD
 DUMONDE, GOD MUSIC, FATE RECORDINGS, TRANCE, MUSIC HEAD
 DUMONDE vs LANGE, MEMORY DISC 1, SUPERSTAR RECORDINS, TRANCE, MUSIC HEAD
 DUMONDE vs LANGE, MEMORY DISC 2, SUPERSTAR RECORDINS, TRANCE, MUSIC HEAD
 DUNE, CAN'T STOP RAVING, MAX MUSIC, HAPPY HARDCORE, FANTASIA
 DUNE, HAND IN HAND, ORBIT RECORDS, HAPPY HARDCORE, FANTASIA
 DUNE, KEEP THE SECRET, ORBIT RECORDS, TRANCE, FANTASIA
 DUNE, DARK SIDE OF THE MOON, ORBIT RECORDS, TRANCE, MUSIC MAIL
 DUNE, DARK SIDE OF THE MOON REMIXES, ORBIT RECORDS, TRANCE, FANTASIA
 DUTCH FORCE, DEADLINE, INFERNO RECORDS, PROGRESSIVE, MUSIC MAIL
 E-ATOM, E-VICTIM, ADRENALINICA RECORDS, TRANCE, FANTASIA
 EDDIE LOCK vs THE PRIEST, LA NOCHEVIEJA, TEMPROGRESSIVE, PROGRESSIVE, FANTASIA
 EDISON, THE WHISTLE, CONTRASEÑA RECORDS, MAKINA, FANTASIA
 EDM ALL STARS 2, V.A., MAKINARIA, HARDTRANCE, FANTASIA
 EGOIST, NO MORE, MASSIVE, HARDTRANCE, MUSIC MAIL
 EGOIST, WIND IT UP, MASSIVE, HARDTRANCE, FANTASIA
 EGOIST, COME 2 ME!, PULSE RECORDS, TRANCE, MUSIC HEAD
 EGOIST, IT'S A DREAM, FUSE RECORDS, TRANCE, MUSIC MAIL
 EGOIST, FIREDANCE, MASSIVE, TRANCE, OVERDOSE
 EINSTEIN DOCTOR DEEJAY, AUTOMATIC SEX, BLANCO Y NEGRO, TECHNO, FANTASIA
 EINSTEIN DOCTOR DEEJAY, ELEKTRO WOMAN, BLANCO Y NEGRO, TECHNO, FANTASIA
 ELASTICA, THE AUDIENCE, TEMPROGRESSIVE, PROGRESSIVE, FANTASIA
 ELEVATE, ADDING UP, HAREM TRANCE, TRANCE, FANTASIA
 EMBARGO, EMBARGO, STIK RECORDS, TECHNO, PLASTIC
 EMPEROR, THAT'S MY MIND, TRANCE CHIP RECORDS, TRANCE, FANTASIA
 EMPEROR, YOU MY DESIRE, TRANCE CHIP RECORDS, TRANCE, FANTASIA
 EMPHASSIS, LET'S GO, BIT MUSIC, MAKINA, FANTASIA
 EMPHASSIS, THE MUSIC, BIT MUSIC, MAKINA, FANTASIA
 ENCORE, LE SOLEIL NOIR, X-IT RECORDS, TRANCE, FANTASIA
 ENDYMION, I AM READY, MINDWORX RECORDINGS, TRANCE, MUSIC RESEARCH
 ENERGY 52, CAFÉ DEL MAR, BONZAI TRANCE, TRANCE, FANTASIA
 ENERGY 52, CAFÉ DEL MAR 2002, GRAND CASINO RECORDS, TRANCE, MUSIC HEAD
 ENERGY FLASH, TUNNEL OF HARMONY, TUNNEL RECORDS, HARDTRANCE, FANTASIA
 EQUATOR, TRAIN OF LIBERTY, DRIZZLY RECORDS, TRANCE, FANTASIA
 ESCALATION vs NITELITE, WALK ALONE, SPACE TRAXX, TRANCE, DEEJAY
 ETERNITY, IS THIS LOVE, BIT MUSIC, MAKINA, PLASTIC
 ETIENNE PICARD, THE GUIDED LIGHT, FOG AREA RECORDS, HARDTRANCE, FANTASIA
 EUPHORIA, ANGELICAL VERSES, BIT MUSIC, MAKINA, FANTASIA
 EVOLUTION GENERATION, IN BLOOM, ILLUMINATE RECORDS, TRANCE, MUSIC MAIL
 EVOLVER, EVOLVER, PLANETARY CONSCIOUSNESS, TRANCE, CORTE INGLES
 EX3, ESTRÉS, BOY RECORDS, MAKINA, FANTASIA
 EX3, EXP-CIAL, BOY RECORDS, MAKINA, FANTASIA
 EX3, ESTRÉS REMIXES, BOY RECORDS, MAKINA, FANTASIA
 EX3, INTO YOUR MIND, BOY RECORDS, TECHNO HOUSE, FANTASIA
 EX3, ESTRÉS EP, MENTAL WORKS, TECHNO, FANTASIA
 EXCESS feat NOVECENTO, THE NIGHT  , BLANCO Y NEGRO, EURODANCE, FANTASIA
 EXCHANGE, VOLUTION, TETSUO RECORDS, TRANCE, FANTASIA
 EXODO, AL OTRO LADO, BLANCO Y NEGRO, TECHNO, FANTASIA
 EXPENSION, HIGH DANCETY, COMBINED FORCES, TRANCE, FANTASIA
 EXTENSION OF ETERNITY, ALL OVER, PLANET TRAXX RECORDS, TRANCE, MUSIC MAIL
 EXTRA, VOICES, QUALITY RECORDS, MAKINA, FANTASIA
 EXTRA, LA PIN, QUALITY RECORDS, MAKINA, FANTASIA
 EXTREME TRAX, FINAL FANTASY, BONZAI TRANCE, TRANCE, MUSIC RESEARCH
 EXTREME TRAX, DON'T STOP, XTC ITALY, TRANCE, MUSIC MAIL
 EYERER & LAIB, THE CHORD, NOOM RECORDS, TECHNO, MUSIC HEAD
 F.O.M., C'MON GET UP, SPV RECORDS , TECHNO, FANTASIA
 FABIETO DJ, GENERATION 2000, GO AHEAD RECORDS, TECHNO, PLASTIC
 FABIO LOCATI, XTC VOL 4, BRAINSTORM, TECHNO, FANTASIA
 FABY vs XAVI BEAT, ETERNALLY   , VALE MUSIC, MAKINA, PLASTIC
 FACE, THE FACE, CHAOS RECORDINGS, TRANCE, FANTASIA
 FACE OF FREEDOM, THE FINAL SOLUTION, MOON RECORDS, MAKINA, FANTASIA
 FACE THE BASS, DOMINATE, CLUB TOOLS, TECHNO, FANTASIA
 FAITHLESS, INSOMNIA, CHEEKY RECORDS, TECHNO, PLASTIC
 FAITHLESS, SALVA MEA REMIXES, VENDETTA RECORDS, TECHNO, FANTASIA
 FAITHLESS, GOD IS A DJ, V2 RECORDS, TRANCE, FANTASIA
 FAITHLESS, WHY GO, V2 RECORDS, TRANCE, FANTASIA
 FANNY CADEO, I WANT YOUR LOVE, BIT MUSIC, EURODANCE, FANTASIA
 FARMDOCTORS, EL GUEBO, MAX MUSIC, MAKINA, PLASTIC
 FAST FORWARD, ANONYMOUS, MAX MUSIC, MAKINA, FANTASIA
 FAST FORWARD, FRESH, MAX MUSIC, MAKINA, FANTASIA
 FERGIE, DECEPTION, TEMPROGRESSIVE, PROGRESSIVE, FANTASIA
 FERRY CORSTEN, PUNK, URBAN, TRANCE, MUSIC HEAD
 FIFTEEN OF MAY, ONCE A DREAM, BIT MUSIC, MAKINA, FANTASIA
 FINAL FANTASY, THE SEQUENCE OF LOVE, BIT PROGRESSIVE, HARDTRANCE, FANTASIA
 FINAL FANTASY, I CLOSE MY EYES, SUCK ME PLASMA, TRANCE, FANTASIA
 FINAL FANTASY, SET ME FREE, SUCK ME PLASMA, TRANCE, FANTASIA
 FINAL FANTASY, THE SOUND OF THE ATOM SPLITTING, RED ALERT, TRANCE, FANTASIA
 FINAL FANTASY presents MAT SILVER, CONTROLLING TRANSMISSION 2001, SUCK ME PLASMA, TRANCE, FANTASIA
 FIOCCO, AFFLITTO, MAX MUSIC, PROGRESSIVE, FANTASIA
 FIOCCO, THE SPIRIT, OUTLINE RECORDS, PROGRESSIVE, FANTASIA
 FIOCCO, STRAIGHT TILL THE END, ORBIT-A RECORDS, PROGRESSIVE, FANTASIA
 FIOCCO, THE EP, F RECORDS, PROGRESSIVE, FANTASIA
 FIRE & ICE, OUTER SPACE, BONZAI TRANCE, TRANCE, MUSIC RESEARCH
 FIREWALL, TOUCHED, AFTERGLOW RECORDS, TRANCE, MUSIC HEAD
 FIREWORKS, RELAX YOUR SOUL, PHENOMENON RECORDS , PROGRESSIVE, FANTASIA
 FLASH PROJECT, DANCE, VALE MUSIC, TECHNO, FANTASIA
 FLUTLICHT, THE DARK BLUE SERIES 1-4, BLOCKBUSTER RECORDS, TRANCE, PLASTIC
 FLUTLICHT, THE FALL, DRIZZLY RECORDS, TRANCE, MUSIC HEAD
 FLUTLICHT, AHMEA, PLANET TRAXX RECORDS, TRANCE, MUSIC MAIL
 FLUX, STRANGE FEELINGS, TETSUO RECORDS, TRANCE, FANTASIA
 FOGGY, TAKE THE FUTURE, SUNNYSIDE UP RECORDS, TRANCE, MUSIC HEAD
 FORCEFIELD, VISIONS OF EDEN, TEMPROGRESSIVE, TRANCE, CORTE INGLES
 FORKMAN, FORKPOWER, BONZAI JUMPS, HARDTRANCE, FANTASIA
 FORKMAN, ARMIN, EDM RECORDS, HARDTRANCE, FANTASIA
 FORMOLOGIC, MY X-PERIENCE, NICE VINYL RECORDS, TRANCE, FANTASIA
 FPI PROJECT feat TAHOMY, RICH IN PARADISE, B.I.G. RECORDS, TRANCE, MUSIC MAIL
 FRAGMA, EMBRACE ME, GANG GO MUSIC, TRANCE, MUSIC HEAD
 FRAGMA, TIME AND TIME AGAIN, GANG GO MUSIC, TRANCE, MUSIC HEAD
 FRAGMA feat MARIA RUBIA, EVERYTIME YOU NEED ME, GANG GO MUSIC, TRANCE, MUSIC MAIL
 FRAKTAL, IT'S A DREAM, MAX MUSIC, MAKINA, FANTASIA
 FRAKTAL, DIE REISE, MAX MUSIC, MAKINA, FANTASIA
 FRAKTAL, DIE REISE REMIXES, MAX MUSIC, MAKINA, FANTASIA
 FRAKTAL, HAPPY DAYS, MAX MUSIC, MAKINA, FANTASIA
 FRAKTAL, PROMISED LAND, UFO WAVES, MAKINA, FANTASIA
 FRANCISKANO'S, GREGORIO'S, EMI ODEON, DANCE, FANTASIA
 FRANK T.R.A.X, NEBUCHAN, NEO RECORDS, TRANCE, MUSIC HEAD
 FRANK-E & MARS-L, CHILD OF TIME, MASTER MAXIMUM, HARDTRANCE, FANTASIA
 FRANK-E & MARS-L, WORLD OF PAGAN, MAKINARIA, HARDTRANCE, FANTASIA
 FRANK-E & MARS-L, SONG OF THE HOLY MAN, MOVEABLE FREQUENCY, TRANCE, FANTASIA
 FRANKO B, WHAT IS ART, DO NOT BEND RECORDS, TECHNO, PLASTIC
 FREE, DOCTOR BEAT, MAX MUSIC, MAKINA, FANTASIA
 FREE, THIS GROOVE, MAX MUSIC, MAKINA, FANTASIA
 FREE, KANASHIME O MOYASHITE, UFO WAVES, MAKINA, FANTASIA
 FREE FALL, HANDS UP, 4 PLAY RECORDS, TECHNO, FANTASIA
 FREE SPACE, DONKEY PUMPING, BOY RECORDS, MAKINA, FANTASIA
 FREEMIND, TRANCEFORM, E:SOURCE RECORDS, TRANCE, MUSIC MAIL
 FREEZER, I JUST FOLLOW, SUCK ME PLASMA, TRANCE, MUSIC MAIL
 FRIDGE, ANGEL , GO AHEAD RECORDS, TRANCE, MUSIC MAIL
 FROST, WHERE IS MY BRAIN, ACALWAN RECORDS, TRANCE, MUSIC MAIL
 FU-BOTS, THEME FROM FUTURESCOPE, ENERGETIC RECORDS, TRANCE, CORTE INGLES
 FU-BOTS, NORTHERN LIGHTS, ENERGETIC RECORDS, TRANCE, DICMUSIC
 FUEGO, EL DIABLO, MAX MUSIC, TECHNO, FANTASIA
 FUN FACTORY, CLOSE TO YOU , BOY RECORDS, EURODANCE, FANTASIA
 FUN FACTORY, TAKE YOUR CHANCE, BOY RECORDS, EURODANCE, FANTASIA
 FUN FACTORY, PAIN, URBAN, EURODANCE, FANTASIA
 FUN-TASTIC, INSIDE YOUR SOUL, BONZAI TRANCE, TRANCE, MUSIC RESEARCH
 FUTURA, GOODBYE, CYBER MUSIC, PROGRESSIVE, FANTASIA
 FUTURE, MY FIRST SONG, MAX MUSIC, MAKINA, PLASTIC
 FUTURE BREEZE, WHY DON'T YOU DANCE WITH ME, LE PETIT PRINCE, TRANCE, FANTASIA
 FUTURE BREEZE, HOW MUCH CAN YOU TAKE, LE PETIT PRINCE, TRANCE, FANTASIA
 FUTURE BREEZE, ANOTHER DAY, GO FOR IT, TRANCE, INTERGROOVE
 FUTURE BREEZE, CRUEL WORLD, GO FOR IT, TRANCE, FANTASIA
 FUTURE BREEZE, SMILE, CYBER MUSIC, TRANCE, FANTASIA
 FUTURE BREEZE, MIND IN MOTION, ALPHABET CITY, TRANCE, MUSIC MAIL
 FUTURE BREEZE, TEMPLE OF DREAMS, ALPHABET CITY, TRANCE, MUSIC HEAD
 FUTURE GRIP, BLADERUNNER '97, SPACEFLOWER RECORDS, HARDTRANCE, MUSIC MAIL
 FUTURE SESSION, DESTINATION 2000, HAREM RECORDS, TRANCE, MUSIC MAIL
 G.A.K., THE HYMN, ADN SOUND, MAKINA, PLASTIC
 G.E.M., I FEEL YOU TONIGHT, MAX MUSIC, EURODANCE, FANTASIA
 G.E.M., COMO EL VIENTO, MAX MUSIC, EURODANCE, FANTASIA
 GARY D, TIMEWARP, BONZAI RECORDS, HARDTRANCE, FANTASIA
 GARY D, CAN'T DO WITHOUT IT, PIAS RECORDS, HARDTRANCE, FANTASIA
 GARY D, TAKE CONTROL, PIAS RECORDS, HARDTRANCE, FANTASIA
 GARY D, BANG, BIT MUSIC, HARDTRANCE, FANTASIA
 GARY D, STEP FORWARD, PIAS RECORDS, HARDTRANCE, FANTASIA
 GARY D, STEP FORWARD, PIAS RECORDS, HARDTRANCE, PIAS RECORDS
 GATE 51, TIME FROM THE UNIVERSE, RED ALERT, HARDTRANCE, FANTASIA
 GENERIS, DREAMS, DISCOSHOP, MAKINA, FANTASIA
 GENLOG, MOCKMOON '98, GO FOR IT, TRANCE, INTERGROOVE
 GIGI LAV, TO GET LUCKY, ESCAPE RECORDS, TRANCE, MUSIC MAIL
 GIZEH, THE RAIN, LIQUID RECORDINGS, TRANCE, PLASTIC
 GLOBAL, DETUNE, DJ'S AT WORK, MAKINA, FANTASIA
 GLOBAL CEE, GIVE ME LOVE, SUCK ME PLASMA, TRANCE, FANTASIA
 GLOBAL CEE," LOVE, DREAM & ENERGY", SUCK ME PLASMA, TRANCE, MUSIC RESEARCH
 GLOBAL CEE, LIGHT UP MY LIFE, SUCK ME PLASMA, TRANCE, CORTE INGLES
 GLOBAL CEE feat RAPHAEL, RETURN TO FOREVER, SUCK ME PLASMA, TRANCE, MUSIC MAIL
 GLOBAL PLAYERS, NEW FORCE, SPACEFLOWER RECORDS, HARDTRANCE, MUSIC MAIL
 GLOBAL PLAYERS, I LIKE NOISES, SPACEFLOWER RECORDS, HARDTRANCE, FANTASIA
 GLOBAL PLAYERS, OUT OF CONTROL, SPACEFLOWER RECORDS, HARDTRANCE, MUSIC MAIL
 GOOD BOYS, SAVE YOUR LOVE, BIT MUSIC, MAKINA, FANTASIA
 GOURYELLA, GOURYELLA, TSUNAMI RECORDS, TRANCE, PLASTIC
 GOURYELLA, WALHALLA, TSUNAMI RECORDS, TRANCE, FANTASIA
 GOURYELLA, TENSHI, BXR ITALY, TRANCE, MUSIC MAIL
 GOURYELLA, LIGAYA, TSUNAMI RECORDS, TRANCE, MUSIC HEAD
 GRAPHIXX, NEVER ENDING STORY, BMG ARIOLA, EURODANCE, FANTASIA
 GREECE 2001, 2000 + ONE, ZYX MUSIC, TRANCE, FANTASIA
 GREEN COURT, MOONFLIGHT, TRANCESTAR, TRANCE, CORTE INGLES
 GREEN COURT feat DE/VISION, SHINING, LOSPORT RECORDINGS, TRANCE, FANTASIA
 GREEN COURT feat DE/VISION, TAKE MY BREATH AWAY, LOGPORT RECORDINGS, TRANCE, MUSIC MAIL
 GREEN COURT feat DE/VISION, TAKE MY BREATH AWAY REMIXES, LOGPORT RECORDINGS, TRANCE, MUSIC MAIL
 GREEN COURT feat LINA RAFN, SILENT HEART REMIXES, LOGPORT RECORDINGS, TRANCE, DEEJAY
 GREEN COURT feat LINA RAFN, SILENT HEART, LOGPORT RECORDINGS, TRANCE, DEEJAY
 GROOVE CONNECTION 2, CLUB LONELY, INTERCORD TON GMBH, HOUSE, INTERCORD
 GROOVEMATE, INSIDE YOUR MIND, FRIENDSHIP RECORDINGS, TRANCE, FANTASIA
 GROOVEZONE, EISBAER REMIXES, RED ALERT, TECHNO, FANTASIA
 GROUNDZONE, AREA 51, SPACE TRAXX, TRANCE, PLASTIC
 GURU, INFINITY, DISCOMAGIC, EURODANCE, FANTASIA
 HACKERS, NEW MILLENIUM, BOY RECORDS, TECHNO HOUSE, FANTASIA
 HADDAWAY, WHAT IS LOVE, BMG ARIOLA, EURODANCE, FANTASIA
 HADDAWAY, LIFE, BMG ARIOLA, EURODANCE, FANTASIA
 HADDAWAY, ROCK MY HEART, BMG ARIOLA, EURODANCE, FANTASIA
 HADDAWAY, FLY AWAY, BMG ARIOLA, EURODANCE, FANTASIA
 HARDBOILED, NIGHT BOX, BIT PROGRESSIVE, TECHNO HOUSE, FANTASIA
 HAREM DOCTORS, HEARTBEAT REMIXES, HAREM RECORDS, TRANCE, MUSIC MAIL
 HAZE-MAZE, THE VOICE, HAREM RECORDS, HARDTRANCE, FANTASIA
 HH, ICE EP, PLANET TRAXX RECORDS, TRANCE, INTERGROOVE
 HIGH BPM, DESIRE, BOY RECORDS, MAKINA, FANTASIA
 HIGH DENSITY, CANCEL, CONTRASEÑA RECORDS, MAKINA, FANTASIA
 HIGH DENSITY, LABEL-FADER REMIXES, CONTRASEÑA RECORDS, MAKINA, FANTASIA
 HIGH DENSITY, CONNECTION, CONTRASEÑA RECORDS, MAKINA, FANTASIA
 HIGH HEAD MUSIC, FUNKY EMOTION, GO FOR IT, TRANCE, INTERGROOVE
 HIGH VOLTAGE, HEY OH BOY, ACCELERATION, MAKINA, FANTASIA
 HIPER ACTIVE, GUITAR ACTIVE, MD RECORDS, MAKINA, CORTE INGLES
 HISPANOS IN SPACE, MARBELLA-IBIZA-MALLORCA, INTERCORD TON GMBH, HOUSE, INTERGROOVE
 HOCUS POCUS, GOD DEVIL HELL HEAVEN, CNR MUSIC, TECHNO, FANTASIA
 HOLE IN ONE, YOGA SESSION REMIXES, I-MAXX RECORDS, TRANCE, MUSIC MAIL
 HONEY B, SURRENDER/NEVER GO AWAY, INSOLENT TRACKS, PROGRESSIVE, FANTASIA
 HOOVERCRAFT, THE DREAMER, BEATZ ONLY RECORDS, HARDTRANCE, FANTASIA
 HOOVERCRAFT, THE DREAMER, BEATZ ONLY RECORDS, HARDTRANCE, MUSIC MAIL
 HOPE feat JOLANA LEE, ON THE BORDER, URBAN, TRANCE, MUSIC MAIL
 HUMAN EVOLUTION, HUMAN EVOLUTION, ID&T MUSIC BV, TRANCE, MUSIC HEAD
 HUMAN FORCE, SUN RISING HIGH, DRIZZLY RECORDS, TRANCE, MUSIC MAIL
 HUNTEMANN, PHREAKS 1.2, PANIK RECORDS, TRANCE, MUSIC HEAD
 HYDROPHOBIA, HYDROPHOBIA, DJ'S AT WORK, MAKINA, FANTASIA
 HYPERTROPHY, PULLOVER, DOS OR DIE RECORDINGS, TRANCE, FANTASIA
 HYPETRAXX, SEE THE DAY, OVERDOSE, TRANCE, OVERDOSE
 HYPETRAXX, PARANOID, OVERDOSE, TRANCE, MUSIC HEAD
 IAN VAN DAHL, WILL I, FREESTYLE, TRANCE, MUSIC MAIL
 IAN VAN DAHL, REASON   , DOS OR DIE RECORDINGS, TRANCE, MUSIC HEAD
 IAN VAN DAHL, REASON REMIXES, DOS OR DIE RECORDINGS, TRANCE, MUSIC HEAD
 IAN VAN DAHL, TRY (UK MIXES), NULIFE RECORDINGS, TRANCE, MUSIC HEAD
 ICE MC, TAKE AWAY THE COLOUR, BLANCO Y NEGRO, EURODANCE, FANTASIA
 ICE MC, THINK ABOUT THE WAY, BLANCO Y NEGRO, EURODANCE, FANTASIA
 ICE MC, IT'S A RAINY DAY, BLANCO Y NEGRO, EURODANCE, FANTASIA
 ICE MC, TAKE AWAY THE COLOUR REMIXES, BLANCO Y NEGRO, EURODANCE, FANTASIA
 ICE MC, MUSIC FOR MONEY, CLUB ZONE, EURODANCE, CORTE INGLES
 ICON, ELECTRONIC BRAIN, MOON RECORDS, MAKINA, FANTASIA
 ICON, GET ON UP, MOON RECORDS, MAKINA, FANTASIA
 ICON, KANON, MOON RECORDS, MAKINA, FANTASIA
 ICON, FRIENDS, MOON RECORDS, MAKINA, FANTASIA
 IMPERIO, CYBERDREAM, BOY RECORDS, EURODANCE, FANTASIA
 IMPERIO, ATLANTIS, EAMS GMBH, EURODANCE, FANTASIA
 IMPERIO, RETURN TO PARADISE, BOY RECORDS, EURODANCE, FANTASIA
 INFLEXION, ELIOS, B QUADRAT, TRANCE, MUSIC MAIL
 INHOUSE, IT'S OUTTA SIGHT, MAX MUSIC GMBH, TECHNO, CORTE INGLES
 INKFISH, LOST, LIMBO RECORDINGS, TRANCE, FANTASIA
 INSIDE MEN, SOME MAN'S GROOVY, HAREM RECORDS, TRANCE, FANTASIA
 INSPIRE, EVERYBODY JUMPING, BIT MUSIC, MAKINA, FANTASIA
 INSPIRE II, LA SUBIDA, BIT MUSIC, MAKINA, CORTE INGLES
 INTERACTIVE, POINT OF NO RETURN, UNDERDOG RECORDS, TECHNO, FANTASIA
 INTERMISSION, PIERCE OF MY HEART, MAX MUSIC, EURODANCE, FANTASIA
 INTERMISSION, PLANET LOVE, BLOW UP RECORDS, EURODANCE, FANTASIA
 INTERMISSION, MIRACLE OF LOVE, BLOW UP RECORDS, EURODANCE, FANTASIA
 INTERSEPTER, I HAVE A DREAM, UK44 RECORDS, TECHNO, PLASTIC
 INTRANCE, MOSQUITO, URBAN, TECHNO, FANTASIA
 INTRANCE, MUSIC 2000, UNSUBMISSIVE RECORDS, TECHNO, FANTASIA
 IRIDIUM GOLD, NIGHTMARE, ACALWAN RECORDS, TRANCE, PLASTIC
 IRON WOBBLE, ARE WE OUT OF REALITY, SOUND OF THE SUPERMARKET, TRANCE, FANTASIA
 IRONIC BEAT, MOVE ON GROOVE ON, CNR MUSIC, TECHNO, FANTASIA
 J&J DJ'S, HAPPY BOY, BOY RECORDS, MAKINA, FANTASIA
 J.Y.D., IN YOUR DREAMS, STATE RECORDS, MAKINA, FANTASIA
 JACCOT, MU-V XPRESS, TEMPROGRESSIVE, PROGRESSIVE, FANTASIA
 JAM & SPOON, RIGHT IN THE NIGHT, DANCE POOL, EURODANCE, FANTASIA
 JAM & SPOON, FIND ME, DANCE POOL, EURODANCE, FANTASIA
 JAM X & DE LEON, CAN U DIG IT, FATE RECORDINGS, TRANCE, MUSIC HEAD
 JAM X & DE LEON, MIND MADE UP, FATE RECORDINGS, TRANCE, MUSIC HEAD
 JAMES BLOND, MONEY PENNY, UPTIDE RECORDS, TRANCE, FANTASIA
 JAMIE DEE, DON'T BE SHY, MAX MUSIC, EURODANCE, CORTE INGLES
 JAN JOHNSTON, AM I AN PAUSE REMIXES, PERFECTO RECORDS, TRANCE, MUSIC HEAD
 JANE T, ENJOY MY PAIN, PROTON RECORDS, TRANCE, PLASTIC
 JDP 119, SPACE TRIP, WILD WEST RECORDS, MAKINA, FANTASIA
 JDS, DESTINY CALLS, IDJ RECORDS, TECHNO, FANTASIA
 JEAN MICHEL JARRE," OXIGEN 7, SASH REMIX", VIRGIN RECORDS, TECHNO, FANTASIA
 JEFFERSEIFF, TAKE ME ON, DISTRICT RECORDS, TECHNO HOUSE, CORTE INGLES
 JENS, LOOPS & TINGS, MAX MUSIC, HARDTRANCE, FANTASIA
 JEROLLE, ETERNAL FLOW, CLUBTOWN RECORDS, TRANCE, MUSIC MAIL
 JESSE LEE DAVIS, LIKE A FLAME, DANCE POOL, HARDTRANCE, FANTASIA
 JFS, OBSESSION, TUNNEL RECORDS, HARDTRANCE, FANTASIA
 JIMMY GOLDSCHMITZ, EP 2000, FREESTYLE, JUMPER, FANTASIA
 JOG, THE FUTURE, MAX MUSIC, HARDTRANCE, FANTASIA
 JONES & STEPHENSON, THE FIRST REBIRTH, PROLEKULT RECORDS, HARDTRANCE, FANTASIA
 JULIO POSADAS, TELEFONICO, MAX MUSIC, MAKINA, FANTASIA
 JUMP 98 EP, V.A., ANTLER SUBWAY, JUMPER, FANTASIA
 JUNKFOOD JUNKIES, JOURNEY, DROPOUT, TRANCE, MUSIC MAIL
 JURGEN VRIES, THE THEME, DIRECTION RECORDS, TRANCE, MUSIC HEAD
 JX, YOU BELONG TO ME, BLANCO Y NEGRO, EURODANCE, FANTASIA
 JX, SON OF A GUN, HOOJ CHOONS, TECHNO, FANTASIA
 K , ONLY THE STRONG, TRACID TRAXXX, TRANCE, FANTASIA
 K , WAVESHAPER, TRACID TRAXXX, TRANCE, FANTASIA
 K.CAPONE, PAIN REMIXES, URBAN, TRANCE, FANTASIA
 K.DILENCO, RUSSIAN ROULETTE, PHENOMENON RECORDS , PROGRESSIVE, FANTASIA
 K.K. PROJECT, TIME IS ALLRIGHT FOR LOVE, X-IT RECORDS, TECHNO HOUSE, FANTASIA
 K.K. SYSTEM, FAX U, CYBER MUSIC, TECHNO, FANTASIA
 K.MONO, TAKE MY BODY, FARM SRL, EURODANCE, FANTASIA
 K.U. Feat MINERVA, LLORANDO POR TI, MAX MUSIC, EURODANCE, FANTASIA
 K.U. Feat MINERVA, FEELS SO NICE, CNR MUSIC, EURODANCE, FANTASIA
 K.U. Feat MINERVA, QUIEN, CNR MUSIC, EURODANCE, FANTASIA
 KACHA, I FEEL LOVE, HOT DIVISION RECORDS, TECHNO, FANTASIA
 KADOC, YOU GOT TO BE THERE, CNR MUSIC, TECHNO HOUSE, FANTASIA
 KADOC, YOU GOT TO BE THERE REMIXES, CNR MUSIC, TECHNO HOUSE, FANTASIA
 KAI TRACID, YOUR OWN REALITY, RED ALERT, TRANCE, FANTASIA
 KAI TRACID, DANCE FOR ETERNITY, SUCK ME PLASMA, TRANCE, MUSIC RESEARCH
 KAI TRACID, LIQUID SKIES, SUCK ME PLASMA, TRANCE, MUSIC RESEARCH
 KAI TRACID, SKYWALKER EP, SUCK ME PLASMA, TRANCE, MUSIC RESEARCH
 KAI TRACID, DESTINY'S PATH, TRACID TRAXXX, TRANCE, FANTASIA
 KAI TRACID, TIEFENRAUSCH REMIXES, TRACID TRAXXX, TRANCE, FANTASIA
 KAI TRACID, TOO MANY TIMES, TRACID TRAXXX, TRANCE, MUSIC MAIL
 KAI TRACID, LIFE IS TOO SHORT, TRACID TRAXXX, TRANCE, MUSIC HEAD
 KAI TRACID, TRANCE & ACID, TRACID TRAXXX, TRANCE, MUSIC HEAD
 KAI TRACID, TRANCE & ACID REMIXES, TRACID TRAXXX, TRANCE, MUSIC HEAD
 KAI TRACID, FOR JUST ONE DAY, TRACID TRAXXX, TRANCE, MUSIC HEAD
 KAMAYA PAINTERS, FAR FROM OVER, REEF RECORDINGS, TRANCE, MUSIC MAIL
 KAOS, ATMOSPHERE, TEMPROGRESSIVE, PROGRESSIVE, FANTASIA
 KAOS II, FORBIDDEN DREAMS, TEMPROGRESSIVE, PROGRESSIVE, FANTASIA
 KARIM, CONSCIOUSNESS, DO NOT BEND RECORDS, TECHNO, PLASTIC
 KARUMA, MINDMACHINE, PROPELLER RECORDS, TRANCE, MUSIC MAIL
 KASAI, PASSION, RED ALERT, TRANCE, MUSIC MAIL
 KAVA, TURNING POINT, ADVANCED, TECHNO, CODIGO RECORDS
 KAY CEE, LOVE STIMULATION, GO FOR IT, TRANCE, PLASTIC
 KAY CEE, MILLENIUM STRINGZ, GO FOR IT, TRANCE, FANTASIA
 KAY CEE, UNSOLVED MYSTERIES, GO FOR IT, TRANCE, DICMUSIC
 KAY CEE, I FEEL YOU, GO FOR IT, TRANCE, MUSIC HEAD
 KAY DIOR, OPUS, AFFIX RECORDS, TRANCE, MUSIC HEAD
 KAYLAB, HERE WE GO/LÄRM 2001, PROCEED RECORDS, TRANCE, FANTASIA
 KIKE BOY, GENERACION X, QUALITY RECORDS, MAKINA, FANTASIA
 KIKE BOY, BASIC, QUALITY RECORDS, MAKINA, FANTASIA
 KIKE BOY, KABUKI, QUALITY RECORDS, MAKINA, FANTASIA
 KLAN, YERAY, GLASS RECORDS, MAKINA, FANTASIA
 KLUBBHEADS, KLUBBHOPPING, AM:PM RECORDS, HOUSE PROGRESIVO, FANTASIA
 KLUBBHEADS, THE MAGNET, BLUE RECORDS, HOUSE PROGRESIVO, FANTASIA
 KOALA, AUSTRALIA, VALE MUSIC, HARDTRANCE, FANTASIA
 KOLMENERO, BACK OF THE OVNI SOUND, MAX MUSIC, MAKINA, FANTASIA
 KOLMENERO, SOMORPHIA, BLANCO Y NEGRO, MAKINA, FANTASIA
 KOMAKINO, I CAN'T STOP THE MOTION, SUCK ME PLASMA, HARDTRANCE, FANTASIA
 KOMAKINO, GOLDENER RAVER, WARNER MUSIC, HARDTRANCE, FANTASIA
 KOMAKINO, MAN ON MARS, ORBIT RECORDS, TRANCE, FANTASIA
 KONTROL, INTERACTIVE, MAX MUSIC, MAKINA, FANTASIA
 KORPUS, INDIE, MAX MUSIC, MAKINA, FANTASIA
 KORPUS, RAINBOW, MAX MUSIC, MAKINA, FANTASIA
 KORPUS, LIBERTY, MAX MUSIC, MAKINA, FANTASIA
 KOSMONOVA, DANSE AVEC MOI, ELECTROPOLIS, TRANCE, FANTASIA
 KOSMONOVA, DISCOVER THE WORLD, DOS OR DIE RECORDINGS, TRANCE, MUSIC MAIL
 K-PSULA, CRAZY EP, BIT MUSIC, MAKINA, FANTASIA
 K-PSULA, TENDETHIA EP, BIT MUSIC, MAKINA, CORTE INGLES
 KRID P, FEEL THE FIRE, ALPHABET CITY, TRANCE, MUSIC HEAD
 KRISS, TONIGHT, CONTRASEÑA RECORDS, MAKINA, FANTASIA
 KRISS, STRANGERS, CONTRASEÑA RECORDS, MAKINA, FANTASIA
 KUANTIZE, OVERFLOW, DHROM, HARDTRANCE, FANTASIA
 KUBIK, KUBIKO, MAX MUSIC, MAKINA, FANTASIA
 KUBIK, ACROSS THE UNIVERSE, MAX MUSIC, MAKINA, FANTASIA
 K-VOICE, SAVE ME FROM THE NIGHT, PARADISIO RECORDS, PROGRESSIVE, FANTASIA
 L.A. NASH, IT'S ABOUT TIME, INTERCORD TON GMBH, HOUSE  , INTERCORD
 LA BOUCHE, BE MY LOVER, BMG ARIOLA, EURODANCE, FANTASIA
 LA BUSH, THE TEMPLE OF LOVE, BLUTONIUM RECORDS, HARDTRANCE, MUSIC MAIL
 LA LUNA, VENUS, RED ACTIVE, PROGRESSIVE, FANTASIA
 LA LUNA, WHEN THE MORNING COMES, CYBER MUSIC, PROGRESSIVE, FANTASIA
 LA LUNA, HERE I AM, CYBER MUSIC, PROGRESSIVE, CORTE INGLES
 LAC TERRA, PARADISE CONNECTION, REFRESHED MUSIC, TRANCE, MUSIC MAIL
 LAC TERRA, AFTER DARK, REFRESHED MUSIC, TRANCE, MUSIC MAIL
 LAC TERRA, THE MASTERPLAN REMIXES, MODEM RECORDS, TRANCE, MUSIC MAIL
 LADY TOM, LOOPS & TINGS 2000, NETRECORD-Z RECORDS, TRANCE, FANTASIA
 LADY TOM meets MARC VAN LINDEN, MOTION, ENERGETIC RECORDS, TRANCE, PLASTIC
 LALENE, THE BEST, BOY RECORDS, EURODANCE, FANTASIA
 LANGE, I BELIEVE, TEMPROGRESSIVE, TRANCE, FANTASIA
 LANGE feat SKYE, DRIFTING AWAY, VIRGIN RECORDS, TRANCE, MUSIC HEAD
 LANGE feat THE MORRIGHAN, FOLLOW ME  , ALPHABET CITY, TRANCE, MUSIC MAIL
 LAPORE vs ANGIE DEE, THE CHALLENGE, ALPHABET CITY, TRANCE, PLASTIC
 LASGO, ALONE, BLANCO Y NEGRO, PROGRESSIVE, CORTE INGLES
 LAVA, AUTUMN, INSOLENT TRACKS, TRANCE, FANTASIA
 LAY-D-JAY, DAYWALKER, TIME UNLIMITED, TRANCE, PLASTIC
 LAZARD, 4 O'CLOCK, PULSIVE TRANCE, TRANCE, MUSIC MAIL
 LAZARD, 4 O'CLOCK, PULSIVE TRANCE, TRANCE, MUSIC MAIL
 LE CLICK, TONIGHT IS THE NIGHT, BMG ARIOLA, EURODANCE, FANTASIA
 LEGEND, PROTEC, BLANCO Y NEGRO, MAKINA, FANTASIA
 LEGEND B, LOST IN LOVE, BOY RECORDS, HARDTRANCE, FANTASIA
 LEGEND B, THE SPIRIT, 3 LANKA, TRANCE, FANTASIA
 LEGEND B, SEXUALITY, 3 LANKA, TRANCE, FANTASIA
 LEGEND B, LOST IN LOVE '99 REMIXES, RISING HIGH RECORDS, TRANCE, FANTASIA
 LEGEND B, STRINGX OF LIFE, 3 LANKA, TRANCE, FANTASIA
 LEGEND B, VOYAGE/JOURNEY, 3 LANKA, TRANCE, MUSIC MAIL
 LEGENDARY, SCAILET, METROPOL RECORDS, MAKINA, FANTASIA
 LEIT-MOTIV," YOU'RE MY HEART, YOU'RE MY SOUL", CONTRASEÑA RECORDS, EURODANCE, FANTASIA
 LENGO, MEMORIES, 23 FRANKFURT RECORDS, TRANCE, MUSIC HEAD
 LES SABOTAGES, SECRETS, SUCK ME PLASMA, HARDTRANCE, MUSIC RESEARCH
 LETHAL, ASAKO, BLANCO Y NEGRO, MAKINA, FANTASIA
 LIMIT feat DJ MEMET, GO , SUCK ME PLASMA, TRANCE, MUSIC RESEARCH
 LIQUID BASS, FROM NATION TO NATION, IMPORTANT RECORDS, HARDTRANCE, FANTASIA
 LIQUID BASS, BACK ON RAVE, IMPORTANT RECORDS, HARDTRANCE, FANTASIA
 LIQUID feat SILVY, TURN THE TIDE, TEMPROGRESSIVE, PROGRESSIVE, DICMUSIC
 LIQUID LOVE, SWEET HARMONY, GANG GO MUSIC, TRANCE, MUSIC MAIL
 LIQUID MOTION, BE FREE, BOY RECORDS, TRANCE, FANTASIA
 LITIUM, MORPHOLOGIC, HARDTRAXX RECORDS, ACID TECHNO, FANTASIA
 LMB feat ZIPPORA, AWAY FROM ME, NIGHT FLIGHT, TRANCE, FANTASIA
 LOCHI, LONDON ACID CITY, TETSUO RECORDS, TRANCE, MUSIC RESEARCH
 LOOP CONTROL, EXCEPTIONALLY BEAUTIFUL, IN TRANCE WE TRUST, TRANCE, FANTASIA
 LORD MICHAEL, BELIEVE IN ME, CIRCLES, TRANCE, MUSIC MAIL
 LORDS OF TRANZ feat DJ HOXIDER, TRANCESTORES, RED ALERT, TRANCE, MUSIC MAIL
 LOS BONITOS, HAND IN HAND, BIT MUSIC, HARDTRANCE, FANTASIA
 LOS PABLOS, BACK TO REALITY, FOG AREA RECORDS, HARDTRANCE, FANTASIA
 LOS PABLOS, JASON'S WATCHING, FOG AREA RECORDS, HARDTRANCE, FANTASIA
 LOS PABLOS, MIND SOLUTION EP, SUNNYSIDE UP RECORDS, HARDTRANCE, FANTASIA
 LOS PABLOS, SKYRAISER, FOG AREA RECORDS, TRANCE, MUSIC MAIL
 LOS PABLOS, LET US FLY, FOG AREA RECORDS, TRANCE, MUSIC MAIL
 LOS PABLOS, MISTERY, FOG AREA RECORDS, TRANCE, MUSIC HEAD
 LOST WITNESS, HAPPINESS HAPPENING, MINISTRY OF SOUND, TRANCE, FANTASIA
 LOST WITNESS, RED SUN RISING, INSOLENT TRACKS, TRANCE, FANTASIA
 LOST WITNESS, 7 COLOURS, BIT PROGRESSIVE, TRANCE, DICMUSIC
 LOSTSIDON, LOSTSIDON, MASSIVE, HARDTRANCE, MUSIC MAIL
 LOUISE, LET'S GO ROUND AGAIN, INTERCORD TON GMBH, HOUSE, INTERCORD
 LOVE COMMITTEE, YOU CAN'T STOP US, LOW SPIRIT RECORDS, TECHNO, MUSIC MAIL
 LOVESTERN GALAKTIKA PROJECT meets LE PETIT SAM, LOVESTERN GALAKTIKA, ADRENALIN RECORDS, TRANCE, FANTASIA
 LOVING LOOP, I SAY IT AGAIN, SPACEFLOWER RECORDS, HARDTRANCE, MUSIC MAIL
 LOVING LOOP, BASS PLEASE, SPACEFLOWER RECORDS, HARDTRANCE, FANTASIA
 LOVING LOOP, CAN'T GET ENOUGH, SPACEFLOWER RECORDS, HARDTRANCE, MUSIC MAIL
 LOVING LOOP, WAKE UP ETERNITY, SPACEFLOWER RECORDS, HARDTRANCE, MUSIC MAIL
 LUCA CANGINI, BAD ANGEL, BIT MUSIC, EURODANCE, FANTASIA
 LUNA PARK, SPACE MELODY, UNDERDOG RECORDS, TRANCE, MUSIC HEAD
 LUNA SYSTEM, ARE YOU READY?, PIAS RECORDS, TRANCE, PIAS RECORDS
 LUNAA, TECHNIQUE ET SABOTAGE, SUCK ME PLASMA, TRANCE, MUSIC RESEARCH
 LUNALIFE, LUNALIFE, BIT MUSIC, TECHNO, FANTASIA
 M.I.K.E., NIGHTFALL, BONZAI TRANCE, TRANCE, MUSIC RESEARCH
 M.U.T.E., MISSED BEATS, CLUB CULTURE, TRANCE, MUSIC MAIL
 MADAGASCAR, YOU'RE BEAUTIFUL, YETI RECORDS, TRANCE, FANTASIA
 MADONNA, FROZEN, WARNER BROS, DANCE, HIT XOP
 MAGIC AFFAIR, OMEN III, AKROPOLIS MUSIK, EURODANCE, CORTE INGLES
 MAGIC MELODY, KLASIKA, MD RECORDS, TECHNO HOUSE, FANTASIA
 MAGNETIC SLIDES III, STARSHIP, CIRCLES, HOUSE PROGRESIVO, MUSIC MAIL
 MAINFRAME, FUTURE GENERATION, BOY RECORDS, HAPPY HARDCORE, FANTASIA
 MAJOR PROBLEMS, OUT OF SIGHT, CYBER MUSIC, TRANCE, FANTASIA
 MALIXX, THE ECHOES OF LYRA, AUDIOPLAST RECORDS, TRANCE, MUSIC HEAD
 MALLINAGA vs FALLASCO, ES COMO LA COCAINA, SWIVEL, TRANCE, FANTASIA
 MANJARO, APPERCEPTION, FLAMMABLE RECORDS, TECHNO HOUSE, CODIGO RECORDS
 MANOLA, U R AUTOMATIC, ENTER RECORDS, TECHNO, FANTASIA
 MANTRAX, OUR WORLD, MASSIVE DRIVE, TRANCE, MUSIC MAIL
 MARC AUREL, RUNNING, TRIGGER RECORDS, TRANCE, MUSIC MAIL
 MARC AUREL, SOUND OF LOVE, TRIGGER RECORDS, TRANCE, DEEJAY
 MARC DAWN, EXPANDER, LOGPORT RECORDINGS, TRANCE, MUSIC HEAD
 MARC ET CLAUDE, LA, ORBIT RECORDS, TRANCE, FANTASIA
 MARC ET CLAUDE, NE, ELECTROPOLIS, TRANCE, FANTASIA
 MARC ET CLAUDE, I NEED YOUR LOVIN', CYBER MUSIC, TRANCE, FANTASIA
 MARC ET CLAUDE, LOVING YOU, CYBER MUSIC, TRANCE, DICMUSIC
 MARC ET CLAUDE, FEEL YOU, ALPHABET CITY, TRANCE, MUSIC HEAD
 MARC ET CLAUDE, TREMBLE, ALPHABET CITY, TRANCE, MUSIC HEAD
 MARC GARCIA, INSIDE YOUR MIND, SILVEREYE RECORDINGS, TRANCE, PLASTIC
 MARC MANGA, THE FUTURE/LOVIN', CLUB TOOLS, TRANCE, FANTASIA
 MARC MANGA, CHASE THE SUN, NETRECORD-Z RECORDS, TRANCE, MUSIC HEAD
 MARC REMBRANDT, MIND, LOGIC RECORDS, TRANCE, PLASTIC
 MARCO BAILEY, SCORPIA, BONZAI RECORDS, HARDTRANCE, FANTASIA
 MARCO BAILEY, EFX TRANCE, BONZAI RECORDS, HARDTRANCE, FANTASIA
 MARCO BAILEY, THIS IS MY GROOVE, BONZAI RECORDS, HARDTRANCE, FANTASIA
 MARGEN 21, IT'S MY OWN STYLE, BLANCO Y NEGRO, DANCE, FANTASIA
 MARINO STEPHANO, POWER TRAX, FOG AREA TRANCE, TRANCE, FANTASIA
 MARINO STEPHANO, ETERNAL RHAPSODY, FOG AREA TRANCE, TRANCE, FANTASIA
 MARINO STEPHANO, VISION CONTROL, CNR MUSIC, TRANCE, CORTE INGLES
 MARINO STEPHANO, FEEL FREE, HEAVEN BEATS, TRANCE, MUSIC MAIL
 MARIO LAROCHE & DJ GREG, ETERNITY OF LOVE, BLUTONIUM RECORDS, TRANCE, MUSIC MAIL
 MARIO LOPEZ, THE SOUND OF NATURE, FAIRLIGHT RECORDS, TRANCE, CODIGO RECORDS
 MARIO LOPEZ, THE SOUND OF NATURE II, FAIRLIGHT RECORDS, TRANCE, MUSIC MAIL
 MARIO LOPEZ, BLIND, FAIRLIGHT RECORDS, TRANCE, MUSIC MAIL
 MARIO LOPEZ, FREE YOUR MIND, FAIRLIGHT RECORDS, TRANCE, MUSIC MAIL
 MARIO LOPEZ, FEEL SO GOOD, FAIRLIGHT RECORDS, TRANCE, MUSIC HEAD
 MARIO LOPEZ vs DJ HEADHUNTER, WHAT ARE U LOOKING 4, FAIRLIGHT RECORDS, TRANCE, MUSIC HEAD
 MARIO LOPEZ vs R.E.D. S.E.C.T.O.R., INTO MY BRAIN, FAIRLIGHT RECORDS, TRANCE, MUSIC MAIL
 MARIO PIU & MAURO PICOTTO, SPECTRA, BXR ITALY, TECHNO, FANTASIA
 MARK NORMAN, FAITH, SILVER PREMIUM, TRANCE, MUSIC HEAD
 MARK'OH, TEARS DON'T LIE, PEACE RECORDS, TECHNO , FANTASIA
 MARK'OH presents DAISY DEE, LOVE IS THE ANSWER, EMI ELEKTROLA GMBH, TRANCE, FANTASIA
 MARMION, BEST REGARDS, MFS BERLIN, TRANCE, INTERGROOVE
 MARTIN EYERER, HEAVEN   , UNSUBMISSIVE RECORDS, TRANCE, CORTE INGLES
 MARTIN EYERER, EUPHORIA, UNSUBMISSIVE RECORDS, TRANCE, MUSIC MAIL
 MARTIN EYERER, THE STORM, UNSUBMISSIVE RECORDS, TRANCE, MUSIC MAIL
 MARUSHA, OVER THE RAINBOW, URBAN, RAVE, FANTASIA
 MASS IN ORBIT, OVERDRIVE, MASSIVE, HARDTRANCE, MUSIC MAIL
 MASS IN ORBIT, PEACE & PROSPERITY, MASSIVE, HARDTRANCE, FANTASIA
 MASS IN ORBIT, COZMIC ORGAZM, MASSIVE, TRANCE, PLASTIC
 MASS IN ORBIT, FEAR, MASSIVE, TRANCE, PLASTIC
 MASS IN ORBIT, 7 SUNS, PULSE RECORDS, TRANCE, MUSIC HEAD
 MASS IN ORBIT, ON A MISSION, PULSE RECORDS, TRANCE, MUSIC HEAD
 MASTER TECHNO II, MY NOISE, BONZAI CLASSICS, TECHNO, FANTASIA
 MASTERBOY, GENERATION OF LOVE, CLUB ZONE, EURODANCE, FANTASIA
 MASTERBOY, ANYBODY, CLUB ZONE, EURODANCE, FANTASIA
 MASTERBOY, MISTER FEELING, CLUB ZONE, EURODANCE, FANTASIA
 MASTERBOY, I NEED A LOVER TONIGHT, DANCE DIVISION, TRANCE, MUSIC HEAD
 MAT SILVER, COME WITH ME, KOMATUNES RECORDS, TRANCE, MUSIC MAIL
 MAT SILVER vs ENDYMION, VIOLET SKIES, MINDWORX RECORDINGS, TRANCE, PLASTIC
 MAT SILVER vs TONY BURT, THE PERFECT WAVE, EVERLASTING RECORDS, TRANCE, MUSIC HEAD
 MAT SILVER vs TONY BURT, TEARDROPS, EVERLASTING RECORDS, TRANCE, MUSIC HEAD
 MATT DAREY presents MASH UP, LIBERATION, INSOLENT TRACKS, TRANCE, FANTASIA
 MAX & AMINO, NO MORE MUSIC, ALIEN TRAX, TECHNO, PLASTIC
 MAX A MILLION, EVERYBODY'S GROOVIN', MAX MUSIC, EURODANCE, FANTASIA
 MAXX, GET A WAY, MAX MUSIC, EURODANCE, FANTASIA
 MAXX, NO MORE, MAX MUSIC, EURODANCE, FANTASIA
 MAXX, YOU CAN GET IT, BLOW UP RECORDS, EURODANCE, CORTE INGLES
 MAXX, COLUMN, MADE IN DJ, TECHNO, CORTE INGLES
 MC JUMP, HIGHER, MINDWORX RECORDINGS, TRANCE, MUSIC RESEARCH
 MC SAR & THE REAL McCOY, RUN AWAY, BMG ARIOLA, EURODANCE, FANTASIA
 MEGA'LO MANIA, CLOSE YOUR EYES, MADE IN DJ, HARDTRANCE, FANTASIA
 MEGA'LO MANIA, CLOSE YOUR EYES REMIXES, NO RESPECT RECORDS, HARDTRANCE, FANTASIA
 MEGA'LO MANIA, TIME   , NO RESPECT RECORDS, HARDTRANCE, FANTASIA
 MEGA'LO MANIA, CIRCUSCLOWN REMIXES, NO RESPECT RECORDS, TECHNO HOUSE, CORTE INGLES
 MEGARA vs DJ LEE, FULL INTENTION, CUEPOINT RECORDS, TRANCE, MUSIC HEAD
 MELLOW TRAX, PHUTURE VIBES, CYBER MUSIC, TRANCE, FANTASIA
 MELLOW TRAX, MISTERY IN SPACE, ZEITGEIST, TRANCE, PLASTIC
 MELLOW TRAX, OUTA SPACE, ZEITGEIST, TRANCE, MUSIC MAIL
 MEMBERS OF MAYDAY, SONIC EMPIRE, LOW SPIRIT RECORDS, TECHNO, CORTE INGLES
 MEMBERS OF PLASMA, ULTIMATE SEDUCTION, SUCK ME PLASMA, TRANCE, MUSIC RESEARCH
 MEPHISTO, VOICES, CONTRASEÑA RECORDS, TECHNO, FANTASIA
 MESH, PERSUASION, IN TRANCE WE TRUST, TRANCE, MUSIC HEAD
 METRO III, ABOCA, PINK RECORDS, MAKINA, FANTASIA
 METROVINYL, METROVINYL, EAMS GMBH, TRANCE, PLASTIC
 MEZADA, HYPNOPEDIA, INTERCORD TON GMBH, HOUSE, INTERCORD
 MICHAEL MB, THE POWER OF TRANCE BASE, CLUB TOOLS, TRANCE, FANTASIA
 MICROBOTS, SUNDANCER, S-TRACKS, TECHNO, MUSIC HEAD
 MICROWORLD, BOOBY TRAP, NOTHING RECORDS, HARDTRANCE, FANTASIA
 MIGUE Y RUBEN, INSERT, TRANCE DANCE, TRANCE, INTERGROOVE
 MIKADO, FEEL THE BASS, PROPELLER RECORDS, TRANCE, MUSIC MAIL
 MIKADO, WELCOME TO THE CLUB, PROPELLER RECORDS, TRANCE, MUSIC MAIL
 MIKADO, NO SLEEP, PROPELLER RECORDS, TRANCE, MUSIC HEAD
 MIKE NERO PROJECT, SO BIG, UPBEAT RECORDS, TRANCE, MUSIC MAIL
 MIKE NOVA, FEEL SO RIGHT, PULSE RECORDS, TRANCE, MUSIC MAIL
 MILK INC, LA VACHE, DANCEWORK, TECHNO HOUSE, FANTASIA
 MILK INC, IN MY EYES, CYBER MUSIC, PROGRESSIVE, FANTASIA
 MILK INC, PROMISE, CYBER MUSIC, PROGRESSIVE, FANTASIA
 MILK INC, OCEANS, ANTLER SUBWAY, PROGRESSIVE, FANTASIA
 MILK INC, LOSING LOVE, CYBER MUSIC, PROGRESSIVE, FANTASIA
 MILK INC, WALK ON WATER, CYBER MUSIC, PROGRESSIVE, FANTASIA
 MILLENIUM," 1999, THE LAST YEAR", PRG, TECHNO, FANTASIA
 MIND vs BUZZ, TEMPLE OF LOVE, FOG AREA TRANCE, TRANCE, FANTASIA
 MINDFORCE PROJECT, MAY THE FORCE BE WITH YOU, HAREM RECORDS, HARDTRANCE, FANTASIA
 MINDLOCK, TIME WARP, TIME UNLIMITED, HARDTRANCE, FANTASIA
 MINDSCAPE, OPEN YOUR EYES, TIME UNLIMITED, TRANCE, FANTASIA
 MINDWALKERS, THE FUTURE, INSOLENT TRACKS, TRANCE, PLASTIC
 MINDWALKERS, MINDWALKERS, MASSIVE DRIVE, TRANCE, FANTASIA
 MINIMALISTIX, CLOSE COVER, ADN PROGRESSIVE, TRANCE, CORTE INGLES
 MIRO, SHINING, ARCADIPANE RECORDS, HARDCORE, FANTASIA
 MISS PEPPERMINT, WELCOME TO TOMORROW, KINGSIZE, DANCE, FANTASIA
 MISS SHIVA, DREAMS 2002, DANCE DIVISION, TRANCE, MUSIC HEAD
 MISS THUNDERPUSSY, THE RIDE REMIXES, DMD, TRANCE, MUSIC MAIL
 MISTY MOVEMENT, ROUGH SEA AT NOON, BONZAI CLASSICS, TRANCE, FANTASIA
 MNA PROJECT, TAKE ME TO THE TOP, UPBEAT RECORDS, TECHNO , FANTASIA
 MO.DO," EINS, ZWEI, POLIZEI", BLANCO Y NEGRO, EURODANCE, FANTASIA
 MO.DO, SUPER GUT, BLANCO Y NEGRO, EURODANCE, FANTASIA
 MO.DO, GEMA TANZEN, BLANCO Y NEGRO, EURODANCE, FANTASIA
 MO'HAWK, ATLANTIC STRESS, ID&T MUSIC BV, TRANCE, MUSIC HEAD
 MOKA DJ, NEW ORDER, RED ALERT, TRANCE, MUSIC MAIL
 MOKA DJ, NEW ORDER, FETISH RECORDINGS, TRANCE, FANTASIA
 MOOGWAI, A NIGHT OUT, PLATIPUS RECORDS, TRANCE, FANTASIA
 MOON PROJECT, MOONRISE, BONZAI TRANCE, TRANCE, MUSIC RESEARCH
 MOON PROJECT, HOUSE BUILDER, XTC ITALY, TRANCE, MUSIC MAIL
 MOONMAN, FIRST LIGHT, GO FOR IT, HARDTRANCE, FANTASIA
 MOONRISE, EVOLUTION FORWARD, EDM RECORDS, HARDTRANCE, FANTASIA
 MOONTRIBE, ENCORE, SONGBIRD, TRANCE, MUSIC MAIL
 MORGANA, COLOURS OF MY DREAM, MAX MUSIC, EURODANCE, FANTASIA
 MORPHOSIS, CAUGHT IN A DREAM, BMG ARIOLA, EURODANCE, FANTASIA
 MOSKITO HEADZ, EL RITMO, VALE MUSIC, TECHNO, FANTASIA
 MOTORKRAFT, WHEN TIME WILL COME, SPOT ON RECORDS, TRANCE, MUSIC MAIL
 MR. PHILLIPS, 7TH DAY, QUICKEY RECORDS, TRANCE, MUSIC MAIL
 MTM, VOLUMEN 3, PINK RECORDS, MAKINA, FANTASIA
 M-TRAXX, NASTINESS, SPACE TRAXX, TRANCE, FANTASIA
 M-TRAXX, SEE ME FEEL ME, SPACE TRAXX, TRANCE, FANTASIA
 MULHOUSE, RAVE IN THE JUNGLE, BIT MUSIC, HARDTRANCE, FANTASIA
 MURPHY BROWN, APPETTIZER, SOUNDS OF LOGIC, TRANCE, FANTASIA
 MUSIC NATION, MUSIC IS MY LIFE, MATTEO MUSIC, TECHNO, FANTASIA
 MUSIC SENSOR, IN HEAVEN, BLANCO Y NEGRO, MAKINA, CORTE INGLES
 MUSIX, DO YA SEE THE LIGHT, BONZAI TRANCE, TRANCE, MUSIC RESEARCH
 MYTHOS 'N DJ COSMO, SEND ME AN ANGEL, UNSUBMISSIVE RECORDS, TRANCE, FANTASIA
 N.NEWS feat DJ NOURI, ERDBEERMUND, INTERCORD TON GMBH, HOUSE, INTERCORD
 NACHO DIVISION, CONTROLA-DOS, QUALITY RECORDS, MAKINA, FANTASIA
 NACHO DIVISION, OVERSTATE, INSOLENT TRACKS, PROGRESSIVE, FANTASIA
 NAKATOMI, CHILDREN OF THE NIGHT, BLANCO Y NEGRO, HAPPY HARDCORE, TRACK DISCOS
 NANDO DIXKONTROL, WELCOME TO CYBERTRON, BLANCO Y NEGRO, MAKINA, FANTASIA
 NASTY B, THE HUNCKBACK OF NOTREDAME, DIG IT, HARDTRANCE, PLASTIC
 NATIVE, FEEL THE DRUMS, INSOLENT TRACKS, PROGRESSIVE, DICMUSIC
 NATURAL BORN DEEJAYS, AIRPLAY, BIT PROGRESSIVE, PROGRESSIVE, PLASTIC
 NATURAL BORN GROOVES, GROOVEBIRD, USA IMPORT, TECHNO, FANTASIA
 NATURE ONE INC, SUPERNATURAL, FUEL RECORDS, TRANCE, MUSIC MAIL
 NAU B-3, EL BOSQUE DE COLORES, ALGO SALVAJE, MAKINA, PLASTIC
 NEOPHYTE, NUMBER ONE FAN, NEOPHYTE RECORDS, HARDCORE, FANTASIA
 NETZWERK, PASSION, BLANCO Y NEGRO, EURODANCE, FANTASIA
 NEUROSIS, LA RANA VERDE, BOY RECORDS, MAKINA, FANTASIA
 NEW LIMIT, SMILE, DISCOSHOP, MAKINA, FANTASIA
 NEW LIMIT, SCREAM, DISCOSHOP, MAKINA, FANTASIA
 NEW LIMIT, IN MY HEART, DISÇ, MAKINA, FANTASIA
 NEW LIMIT, LIES, NL RECORDS, MAKINA, FANTASIA
 NEW LIMIT, IN THE DARK, NL RECORDS, MAKINA, FANTASIA
 NEWTON , STEAMLINE, CONTRASEÑA RECORDS, MAKINA, CORTE INGLES
 NEXUS, RETURN FROM FLATLINER, SILICON RECORDINGS, TRANCE, MUSIC MAIL
 NEXUS 6, TRES CHIC EP, NOOM RECORDS, TRANCE, FANTASIA
 NEXUS 6, TRES CHIC   , NOOM RECORDS, TRANCE, MUSIC HEAD
 NEXUS 9, HARMONY, TRAUMA RECORDS, TRANCE, MUSIC MAIL
 N-FLUENCE, SWEET SUBSTANCE, POLAR STATE, TRANCE, MUSIC MAIL
 NICK BASE, YOU   , POISON RECORDINGS, TRANCE, INTERGROOVE
 NICO PARISI, THE BEGGINNING, DIEFFE RECORDS, PROGRESSIVE, FANTASIA
 NIELS VAN GOGH, PULVERTURM, KOSMO RECORDS, TRANCE, FANTASIA
 NIELS VAN GOGH, DOPPELGANGER, KOSMO RECORDS, TRANCE, FANTASIA
 NIELS VAN GOGH, PSYCHOPATH, KOSMO RECORDS, TRANCE, MUSIC MAIL
 NIELS VAN GOGH, ELECTRONIC CONFUSION, KOSMO RECORDS, TRANCE, MUSIC MAIL
 NIELS VAN GOGH, ANOTHER JOY, KOSMO RECORDS, TRANCE, MUSIC HEAD
 NIELS VAN GOGH, ON A FREAK, KOSMO RECORDS, TRANCE, MUSIC HEAD
 NIELS VAN GOGH, RUSHIN', KOSMO RECORDS, TRANCE, DEEJAY
 NIGHTLIFE, PRO AGRESSIVE, LIQUID RECORDINGS, TRANCE, MUSIC HEAD
 NIKOLAI, READY TO FLOW '97, ORBIT-A RECORDS, TRANCE, FANTASIA
 NINA, THE REASON IS YOU, CHRYSALIS, EURODANCE, FANTASIA
 NINA, UNTIL YOUR DREAMS COME TRUE, CHRYSALIS, EURODANCE, FANTASIA
 NITROMETHANE, TIME TO DIE, IMPETOUS RECORDS, TRANCE, MUSIC HEAD
 NO GRAVITY, ALL THE PEOPLE, ENTER RECORDS, TECHNO, FANTASIA
 NOIZFALLS, THE PASSION, CODE BLUE, TRANCE, FANTASIA
 NON ERIC, WET DREAMS, LUNATEC RECORDS, TRANCE, FANTASIA
 NOSTRUM, COLOGNE EP, BLANCO Y NEGRO, HARDTRANCE, FANTASIA
 NOSTRUM, THE END, BLANCO Y NEGRO, HARDTRANCE, FANTASIA
 NOSTRUM, BRAINCHILD, TIME UNLIMITED, HARDTRANCE, FANTASIA
 NOSTRUM, E-MOTION, TIME UNLIMITED, HARDTRANCE, INTERGROOVE
 NOSTRUM, BRILLIANT, BLANCO Y NEGRO, HARDTRANCE, FANTASIA
 NOSTRUM, MINDGAMES, TIME UNLIMITED, TRANCE, FANTASIA
 NOSTRUM, BLUE GLOW, TIME UNLIMITED, TRANCE, FANTASIA
 NOSTRUM vs NUCLEAR HYDE, RECONCILE, TIME UNLIMITED, TRANCE, PLASTIC
 NOVALIS, THE CONFLICT, FETISH RECORDINGS, TRANCE, MUSIC MAIL
 N-TRANCE, SET YOU FREE, CNR MUSIC, EURODANCE, FANTASIA
 NUBIRTH, ANYTIME, INTERCORD TON GMBH, HOUSE, INTERGROOVE
 NUCLEAR HYDE, PLUG ONE, NOOM RECORDS, TRANCE, PLASTIC
 NYLON MOON, SKY PLUS, MADE IN DJ, TECHNO, FANTASIA
 O MEGA, DREAMING OF A BETTER WORLD, DJ'S AT WORK, JUMPER, PLASTIC
 O.S.I.R.I.S., ONENESS WITH THE UNIVERSE, AUDIOPLAST RECORDS, TRANCE, MUSIC HEAD
 O.S.I.R.I.S., ONENESS WITH THE UNIVERSE, AUDIOPLAST RECORDS, TRANCE, DEEJAY
 OBJECT ONE, TYPEWRITER, MAX MUSIC, MAKINA, FANTASIA
 OBJECT ONE, CONNECTING PEOPLE, UFO WAVES, MAKINA, PLASTIC
 OCEANCUBE, SHINING, TAAACHHH RECORDINGS, TRANCE, MUSIC HEAD
 OCEANLAB, SKY FALLS DOWN REMIXES, CAPTIVATING SOUNDS, TRANCE, MUSIC HEAD
 ODYSSEE OF NOISES, FIREDANCE, WEA RECORDS, TRANCE, FANTASIA
 OLLI'S CLUB, IT'S ALLRIGHT, BIT MUSIC, EURODANCE, FANTASIA
 OMEGA, TRANSFORMER, CONTRASEÑA RECORDS, MAKINA, FANTASIA
 OMNICRON, SWEEPING NIGHTS, MINDWORX RECORDINGS, TRANCE, INTERGROOVE
 ONE, KEEP ON, SWIVEL, TRANCE, MUSIC MAIL
 ONE, LOVE IS A LOSER, SWIVEL, TRANCE, MUSIC MAIL
 ORANGE BLUE, IF YOU WANNA BE MY ONLY, MAX MUSIC, EURODANCE, FANTASIA
 ORBITAL, OCEAN , BIT MUSIC, MAKINA, FANTASIA
 ORGAN, TO THE WORLD, ORBIT-A RECORDS, TRANCE, FANTASIA
 ORION vs AYLA, ETERNITY, KONTOR RECORDS, TRANCE, MUSIC MAIL
 OTTO DRUM, BLACK EAGLE, BIT MUSIC, MAKINA, FANTASIA
 OUDJA, NEVER TELL WHAT YOU THINK REMIXES, BONZAI TRANCE, TRANCE, PLASTIC
 OUT OF GRACE, ANGLIA, ID&T MUSIC BV, TRANCE, PLASTIC
 OUTBREAK, BACKWARDS, UNDERWORLD RECORDS, TRANCE, MUSIC MAIL
 OUTSIDER, PAIN IN MY BRAIN, MADE IN DJ, ACID TECHNO, FANTASIA
 OUTWORLD, UNKNOWN LIFEFORM, BYTE BLUE, TRANCE, FANTASIA
 OUTWORLD, THE END, B QUADRAT, PROGRESSIVE, FANTASIA
 OVER 2, RHYTHM OF WIND, BLANCO Y NEGRO, MAKINA, CORTE INGLES
 OVERLAND, DAYDREAMER, NOTHING RECORDS, TRANCE, MUSIC MAIL
 OVERTONE, SOULSTATIC, CAMOUFLAGE, TRANCE, FANTASIA
 OYEZ, OUR NIGHTS, PIAS RECORDS, HARDTRANCE, FANTASIA
 O-ZONE, NEVERLAND, SUCK ME PLASMA, TRANCE, MUSIC RESEARCH
 PABLO GARGANO, THE SECRET SPICE, MAX MUSIC, TRANCE, FANTASIA
 PABLO GARGANO, THE SECRET SPICE, VISION SOUNDCARRIERS, TRANCE, VISION SOUNDCARRIERS
 PABLO GARGANO, SOUL SYSTEM, LISERGICA RECORDS, TRANCE, MUSIC MAIL
 PACO PIL, VIVA LA FIESTA, MAX MUSIC, MAKINA, FANTASIA
 PACO PIL, DIMENSION DIVERTIDA, MAX MUSIC, MAKINA, FANTASIA
 PAFFENDORF, RUF MICH AN, ORBIT RECORDS, PROGRESSIVE, FANTASIA
 PAGANINI TRAX, ZOE, DANCE POOL, TECHNO, CODIGO RECORDS
 PANAMA, DEVICES, CNR MUSIC, TRANCE, FANTASIA
 PANAMA, SLAVE, RED ALERT, TRANCE, MUSIC MAIL
 PANDORA, TRUST ME, VIRGIN RECORDS, EURODANCE, FANTASIA
 P.A.N.O., SENSATION, MAX MUSIC, TECHNO, FANTASIA
 PARADOX , PLANET ACID, CARNAL RECORDS, TRANCE, MUSIC HEAD
 PARAJE, ANIMALACTION, MAX MUSIC, EURODANCE, FANTASIA
 PARAPHONATIC," THE PAST, THE PRESENT, THE FUTURE", EDM RECORDS, HARDTRANCE, PLASTIC
 PARKER & CLIND, GENERATOR, TRIPOMATIC TRANCE RECORDS, TRANCE, FANTASIA
 PASCAL DEVICE, I HAD A DREAM, TIME UNLIMITED, HARDTRANCE, FANTASIA
 PASTIS & BUENRI, PILDO, MAX MUSIC, MAKINA, FANTASIA
 PASTIS & BUENRI, ATTACK, MAX MUSIC, MAKINA, FANTASIA
 PASTIS & BUENRI, IN VINO VERITAS, MAX MUSIC, MAKINA, FANTASIA
 PASTIS & BUENRI, ADRENALIN, MAX MUSIC, MAKINA, FANTASIA
 PAUL KING, ODISSEY, FULL ON RECORDINGS, TECHNO, FANTASIA
 PAUL VAN DYK, SEVEN WAYS, MFS BERLIN, TRANCE, INTERGROOVE
 PAUL VAN DYK, ANOTHER WAY, ELECTROPOLIS, TRANCE, FANTASIA
 PAX, HIGH SPEED EP, FUTURE RECORDINGS, TECHNO, MUSIC RESEARCH
 PEARLS, WHEN WINTER CALLS, UNSUBMISSIVE RECORDS, TRANCE, MUSIC MAIL
 PERPLEXER, CHURCH OF HOUSE, URBAN, HARDTRANCE, FANTASIA
 PET SHOP BOYS, CAN YOU FORGIVE HER, EMI ODEON, DANCE, FANTASIA
 PETER REILLY, THE LAND EP, RUNNER RECORDS, HARDTRANCE, FANTASIA
 PETERMAN, MI CABEZA SE VA, CNR MUSIC, MAKINA, FANTASIA
 PG 2, ORANGE MOON, QUALITY RECORDS, MAKINA, FANTASIA
 PG 2, TSUBE, QUALITY RECORDS, MAKINA, FANTASIA
 PHANTOM, PLASTIC ZONE, MD RECORDS, TECHNO HOUSE, FANTASIA
 PHASENDREHER, THE TRIP, PULSE RECORDS, TRANCE, MUSIC MAIL
 PHENOMANIA, WHO IS ELVIS, TRIPOLI TRAX RECORDS, TECHNO, FANTASIA
 PHOBIA, IN CONTROL, FULL-E RECORDS, HARDTRANCE, FANTASIA
 PHOBIA, DON'T STOP, FULL-E RECORDS, HARDTRANCE, FANTASIA
 PHOBOS, MOONS OF MARS, MICRO DOT RECORDINGS, TECHNO, PLASTIC
 PHONETIC SCOPE, WHITENOIZ, FETISH RECORDINGS, TRANCE, MUSIC MAIL
 PHRENETIC vs TENSION, OCEAN OF LOVE 2000, FRIENDSHIP RECORDINGS, TRANCE, MUSIC MAIL
 PIANONEGRO, IN AFRICA, BLANCO Y NEGRO, TECHNO, FANTASIA
 PI-FACTOR, GET IT IN YOUR BRAIN, HARD'N HOLY RECORDS, TRANCE, MUSIC HEAD
 PIT BAILAY vs DJ ILLORDY, SOLARFIRE, FOG AREA RECORDS, TRANCE, MUSIC MAIL
 PITCHER, STRIKE, SUPERSTAR RECORDINGS, TRANCE, MUSIC MAIL
 PITCHRIDER, I KNOW, SUCK ME PLASMA, TRANCE, MUSIC RESEARCH
 PITCHRIDER, ONE STEP TO PARADISE, FUTURE RECORDINGS, TRANCE, MUSIC RESEARCH
 PITFALL, BACK IN THE CLUB, FETISH RECORDINGS, TRANCE, MUSIC MAIL
 PITFALL, SIENTE LA MUSICA, FUTURE RECORDINGS, TRANCE, FANTASIA
 PIZZAMAN, SEX ON THE STREETS, COWBOY RECORDS, EURODANCE, FANTASIA
 PLANET E TEAM, NOTHING SERIOUS, SUPERSTAR RECORDINGS, TRANCE, FANTASIA
 PLANET FUSE, INNOCENT GAMES, FUSE RECORDS, HARDTRANCE, MUSIC MAIL
 PLANET FUSE, SILENT WISHES, FUSE RECORDS, HARDTRANCE, MUSIC MAIL
 PLANET FUSE, DEVOTION, FUSE RECORDS, TRANCE, FANTASIA
 PLANET FUSE, THE REAL FACE, FUSE RECORDS, TRANCE, MUSIC MAIL
 PLANET FUSE, SECRET TOUCH, FUSE RECORDS, TRANCE, MUSIC MAIL
 PLANET FUTURE, SEXOGROOVE, ILLUMINATE RECORDS, TRANCE, MUSIC MAIL
 PLANET PERFECTO, BULLET IN THE GUN, PERFECTO RECORDS, TRANCE, FANTASIA
 PLASTIC ANGEL, ENTER THE DARKROOM, WASH, HARDTRANCE, INTERGROOVE
 PLASTIC ANGEL, SCHATTEN, WASH, TRANCE, FANTASIA
 PLASTIC ANGEL, FOLLOW ME INTO THE RACE, WASH, TRANCE, FANTASIA
 PLASTIC ANGEL, DAYLIGHT, WASH, TRANCE, MUSIC MAIL
 PLASTIC ANGEL, AFTERGLOW, WASH, TRANCE, MUSIC HEAD
 PLASTIC ANGEL & LORD HELMET, TIME TRAVELLER, CIRCLES, HOUSE PROGRESIVO, MUSIC MAIL
 PLASTIC ANGEL vs AGENDA, FABIENNE, NETRECORD-Z RECORDS, TRANCE, MUSIC MAIL
 PLASTIC ENEMY, WORLD OF MUSIC, EDM RECORDS, HARDTRANCE, MUSIC MAIL
 PLASTIC ENEMY, PEACEFUL HARMONY, EDM RECORDS, HARDTRANCE, MUSIC MAIL
 PLASTIC ENEMY, PLASTIC HOUSE, EDM RECORDS, HARDTRANCE, FANTASIA
 PLASTIC ENEMY, NO HOUSE, MAKINARIA, HARDTRANCE, FANTASIA
 PLASTIX, ATTACK, UPBEAT RECORDS, TRANCE, FANTASIA
 PLEX vs FRANK KUNE, NO WAY WITHOUT YOU, PROTONE RECORDS, TRANCE, PLASTIC
 PLUG'N' PLAY, WARP 99, EDM RECORDS, TRANCE, MUSIC MAIL
 POLARIS, POLARIS, MD RECORDS, TECHNO HOUSE, FANTASIA
 POLARTRAXX, WORLD OF FANTASY, ILLUMINATE RECORDS, TRANCE, MUSIC HEAD
 PONT AERI, PONT AERI, MAX MUSIC, MAKINA, FANTASIA
 PONT AERI, PONT AERI VOL 2, BIT MUSIC, MAKINA, FANTASIA
 PONT AERI, PONT AERI VOL 3, BIT MUSIC, MAKINA, FANTASIA
 PORN KINGS fest YOUNG MC, BUSIEST RHYMES, INTERCORD TON GMBH, HOUSE, INTERCORD
 POSTMAN, SPACE WAIL, DANCE POLUTION, TRANCE, MUSIC MAIL
 POUND & HARRIS, FORMENTERA, RISING HIGH RECORDS, TRANCE, FANTASIA
 PRELOAD, RIGHT IN TIME, FUTURE RECORDINGS, TRANCE, MUSIC RESEARCH
 PREZIOSO, RAISE YOUR POWER, TRANCE COMMUNICATIONS, TRANCE, PLASTIC
 PREZIOSO, RAISE YOUR POWER, TETSUO RECORDS, TRANCE, MUSIC RESEARCH
 PRO-ACTIVE, BACK TO ATLANTIS, SUCK ME PLASMA, HARDTRANCE, MUSIC RESEARCH
 PRO-ACTIVE, STRAIGHT ON, SUCK ME PLASMA, TRANCE, MUSIC RESEARCH
 PRO-ACTIVE, THE BEAT GOES ON, HARD'N HOLY RECORDS, TRANCE, MUSIC HEAD
 PRO-ACTIVE, THE BEAT GOES ON, HARD'N HOLY RECORDS, TRANCE, DEEJAY
 PRODIGY, BREATHE, EVERLASTING RECORDS, TECHNO, HIT XOP
 PROFILER, THIS IS WHO WE ARE REMIXES, ALIEN RECORDINGS, PROGRESSIVE, CODIGO RECORDS
 PROJECT A, THE ARRIVAL, SOUNDZ, PROGRESSIVE, FANTASIA
 PROMISE, THINK, MAX MUSIC, MAKINA, FANTASIA
 PRONTI & KALMANI, NOTHING TO DO WITH TALKING, RADAR RECORDS, PROGRESSIVE, FANTASIA
 PROPELLER, DANCIN', NOOM RECORDS, TECHNO, PLASTIC
 PROPHECY, MY HOUSE IS MINE, BIT MUSIC, MAKINA, FANTASIA
 PRO-TECH, OUT OF CONTROL, PULSE RECORDS, TRANCE, MUSIC HEAD
 PROTOTYPE, SOUNDPIERCING, TEMPROGRESSIVE, TRANCE, CORTE INGLES
 PULP VICTIM, THE WORLD '99, INSOLENT TRACKS, TRANCE, FANTASIA
 PULSE, SCRATCHED TO THE MAXIMUM, MAX MUSIC, MAKINA, FANTASIA
 PULSEDRIVER, RHYTHMIC TRIP, MAX MUSIC, HARDTRANCE, FANTASIA
 PULSEDRIVER, TIMEMACHINE, NOTHING RECORDS, TRANCE, FANTASIA
 PULSEDRIVER, I'M RUSHING, NOTHING RECORDS, TRANCE, FANTASIA
 PULSEDRIVER, KISS THAT SOUND, NOTHING RECORDS, TRANCE, FANTASIA
 PULSEDRIVER, I DOMINATE U, NOTHING RECORDS, TRANCE, FANTASIA
 PULSEDRIVER, TAKE U HIGH, NOTHING RECORDS, TRANCE, FANTASIA
 PULSEDRIVER, YOU SPIRIT IS SHINING, NOTHING RECORDS, TRANCE, PLASTIC
 PULSEDRIVER, CAMBODIA   , NOTHING RECORDS, TRANCE, MUSIC MAIL
 PULSEDRIVER, CAMBODIA REMIXES, NOTHING RECORDS, TRANCE, MUSIC MAIL
 PULSEDRIVER, TIME/KOMA REMIXES, NOTHING RECORDS, TRANCE, MUSIC HEAD
 PURE, BROKEN WINGS, CAPTIVATING SOUNDS, TRANCE, MUSIC HEAD
 PUSH, UNIVERSAL NATION, ELECTROPOLIS, TRANCE, FANTASIA
 PUSH, STRANGE WORLD, BONZAI TRANCE, TRANCE, MUSIC MAIL
 PUSH, TRANZY STATE OF MIND, SUPERSTAR RECORDINGS, TRANCE, MUSIC HEAD
 PUSH, TILL WE MEET AGAIN, BONZAI TRANCE, TRANCE, MUSIC MAIL
 Q, DEEP BREATH, ECLIPSE TUNES, TRANCE, PLASTIC
 QUADRAN, NAKED LIGHT, BONZAI TRANCE, TRANCE, FANTASIA
 QUADRAN, ETERNALLY 2002, BONZAI TRANCE, TRANCE, MUSIC HEAD
 QUALITY, IMPEDANCE, FERPAS MUSIC, MAKINA, FANTASIA
 QUENCH, DREAMS, MAX MUSIC, TECHNO, FANTASIA
 QUICK RELEASE, THE POWER, FAIRPLAY RECORDS, TRANCE, MUSIC MAIL
 R.E.D. S.E.C.T.O.R., STATE DEPARTMENT, FAIRLIGHT RECORDS, TRANCE, MUSIC MAIL
 R.E.D. S.E.C.T.O.R., INVASION OVER BERLIN, FAIRLIGHT RECORDS, TRANCE, MUSIC MAIL
 R.E.D. S.E.C.T.O.R., ANGEL LIGHT 2001, FAIRLIGHT RECORDS, TRANCE, MUSIC MAIL
 R.O.D., HEAVEN OR HELL, MAX MUSIC, EURODANCE, FANTASIA
 R.O.O.S., INSTANT MOMENTS, TWISTED RECORDS, TRANCE, MUSIC MAIL
 R360, PARADISE, ALGO SALVAJE, MAKINA, CORTE INGLES
 RACHEL AUBURN, FOR ALEX, GIRLSWORLD, TECHNO, FANTASIA
 RADIACTIVE, GAMBA, ACCELERATION, MAKINA, PLASTIC
 RAIN BOX, WISE ADVISE EP, DRIZZLY RECORDS, TRANCE, FANTASIA
 RAINBOW WARRIOR, MISTERY OF SPACE, CLUB QUAKE RECORDS, TRANCE, DEEJAY
 RALPH FRIDGE, MISTERY, GO FOR IT, TRANCE, MUSIC MAIL
 RAME & TRABUIO, I NEED YOUR PUNK, BIT MUSIC, MAKINA, FANTASIA
 RAMIREZ, BOMBA, BLANCO Y NEGRO, TECHNO, FANTASIA
 RAMIREZ, BARAONDA, BLANCO Y NEGRO, TECHNO, FANTASIA
 RAMIREZ, CHUPA CHUPA, EXPANDED MUSIC, TECHNO, FANTASIA
 RANK 1, AIRWAVE, CLUBBGROOVE RECORDS, TRANCE, MUSIC MAIL
 RANK 1, SUCH IS LIFE, CLUBBGROOVE RECORDS, TRANCE, MUSIC MAIL
 RANK 1, AWAKENING, CLUBBGROOVE RECORDS, TRANCE, MUSIC MAIL
 RANK 1, AWAKENING RECORDS, CLUBBGROOVE RECORDS, TRANCE, MUSIC HEAD
 RAPID EYE, CIRCA FOREVER, GANG GO MUSIC, TRANCE, MUSIC HEAD
 RAVELAB, SEEING IS BELIEVING '98, EDM RECORDS, HARDTRANCE, FANTASIA
 RAVEMAN, MANIAC, D-BOY RECORDS, HAPPY HARDCORE, FANTASIA
 RAVER'S NATURE, HANDS UP RAVERS 2002, NEXTFIRE, TRANCE, MUSIC HEAD
 RAY & GOD, RELEASE OF FANTASY, CYBER MUSIC, HARDTRANCE, FANTASIA
 REACTION, BASS HARD, BOY RECORDS, MAKINA, FANTASIA
 REAL McCOY, COME AND GET YOUR LOVE, DHROM, EURODANCE, FANTASIA
 REAL ONE SESSION, SHOUT IT UP, FERPAS MUSIC, MAKINA, FANTASIA
 RECALL, OPERATION DECOY, REALITY BITES RECORDS, HARDTRANCE, MUSIC MAIL
 RECALL, I FEEL IT, REALITY BITES RECORDS, HARDTRANCE, FANTASIA
 RECALL, TAKE ME   , REALITY BITES RECORDS, HARDTRANCE, MUSIC MAIL
 RECKLESS, SACRAMENT, LOGIC RECORDS, TRANCE, FANTASIA
 REMI-SEX EP, PART ONE, PINK RECORDS, MAKINA, FANTASIA
 REMI-SEX EP 2, DJ TRIP 96, PINK RECORDS, MAKINA, FANTASIA
 RE-MOVE, JUSTIFY, TIME UNLIMITED, TRANCE, FANTASIA
 RENE ABLAZE presents TROXA, AUTUMN, COLLISION RECORDS, TRANCE, PLASTIC
 RESISTANCE D, YOU WERE THERE, PLANET VISION RECORDS, TRANCE, MUSIC MAIL
 RETRO EP, V.A., TETSUO RECORDS, TRANCE, MUSIC RESEARCH
 REVERB feat FLASH GORDON, PROVIDENCE, MASSIVE, TRANCE, MUSIC MAIL
 REVIL O feat LISA, FLY AWAY, DOS OR DIE RECORDINGS, TRANCE, MUSIC HEAD
 RICK AIR & BASEMAN, THE VOICE OF LOVE, TECHNOCLUB RECORDS, TRANCE, MUSIC HEAD
 RIVA, STRINGER, ALIEN RECORDINGS, TRANCE, MUSIC MAIL
 RMB, SPRING, MAX MUSIC, HARDTRANCE, FANTASIA
 RMB, DEEP DOWN BELOW, SILVER RECORDINGS, TRANCE, MUSIC MAIL
 RMB, HORIZON, SILVER RECORDINGS, TRANCE, MUSIC MAIL
 RMF, ENERGIZED, 23 FRANKFURT RECORDS, TRANCE, FANTASIA
 ROB SEARLE vs VINYL BABY, LOVIN' YOU, ETC RECORDINGS, TRANCE, FANTASIA
 ROBERT MILES, CHILDREN   , BOY RECORDS, TECHNO, FANTASIA
 ROBIN S, I WANT TO THANK YOU, ARCADE MUSIC, DANCE, FANTASIA
 ROBOTNICO, BACKFIRED 2000, INSOLENT TRACKS, TRANCE, FANTASIA
 RODD-Y-LER, LIFESIGNS, BIT PROGRESSIVE, TRANCE, FANTASIA
 RODD-Y-LER, NIGHTFLIGHT, RED ALERT, TRANCE, MUSIC MAIL
 ROEF, OUTTHERE, BYTE RECORDS, TECHNO, FANTASIA
 RON HAGEN & PASCAL M, FOREVER, ELECTROPOLIS, TRANCE, PLASTIC
 RON HAGEN & PASCAL M, TAKE YOU THERE, JINX RECORDS, TRANCE, FANTASIA
 RON HAGEN & PASCAL M, ON A STREAM, JINX RECORDS, TRANCE, MUSIC MAIL
 ROSABEL, LA PUTA, MAX MUSIC, DANCE, FANTASIA
 ROTTERDAM TERROR CORPS, THE MIX, MEGARAVE RECORDS, HARDCORE, MEGARAVE RECORDS
 ROTTERDAM TERROR CORPS, YOU'RE DEALING WITH, MEGARAVE RECORDS, HARDCORE, MEGARAVE RECORDS
 ROUGHAGE 5, SCANNED STATE, MADE IN DJ, HARDTRANCE, FANTASIA
 ROXANNE, WITHOUT YOU, DIG IT, EURODANCE, FANTASIA
 ROYAL HYPE, TO BE THERE, TRANCE CHIP RECORDS, HARDTRANCE, FANTASIA
 RUI DA SILVA feat CASSANDRA, TOUCH ME, KISMET RECORDS, HOUSE, PLASTIC
 S.H.O.K.K., ISN'T IT ALL A LITTLE STRANGE, PULSE RECORDS, TRANCE, OVERDOSE
 S.O.S., JOAN OF ARC, BIT MUSIC, MAKINA, FANTASIA
 SAMMY, FUTURE IS PRESENT, QUALITY RECORDS, MAKINA, PLASTIC
 SAN, FEEL MY LOVE, IN TRANCE WE TRUST, TRANCE, FANTASIA
 SANITY, WELCOME TO PARADISE, EDM RECORDS, TRANCE, MUSIC MAIL
 SASH, ECUADOR, BOY RECORDS, EURODANCE, FANTASIA
 SASH, STAY, BOY RECORDS, EURODANCE, FANTASIA
 SASH, ADELANTE, MULTIPLY RECORDS, TRANCE, MUSIC MAIL
 SAUCERMEN, AQUARIUS, SERIAL KILLER VYNIL, TECHNO, FANTASIA
 SAVAGE, DON'T YOU WANT ME, BLANCO Y NEGRO, EURODANCE, FANTASIA
 SCANNERS, GUN SHY, BIT MUSIC, MAKINA, FANTASIA
 SCANNERS, PURE, BIT MUSIC, MAKINA, FANTASIA
 SCHILLER, RUHE, ZEITGEIST, TRANCE, MUSIC MAIL
 SCION, THE BOTTOM OF EUROPE, MAX MUSIC, TECHNO HOUSE, FANTASIA
 SCOOPEX, IN MY DREAM, CIRCLES, HARDTRANCE, MUSIC MAIL
 SCOOTER, MOVE YOUR ASS REMIXES, EDEL MUSIC, HAPPY HARDCORE, FANTASIA
 SCOOTER, FRIENDS, EDEL MUSIC, HAPPY HARDCORE, FANTASIA
 SCOOTER, LET ME BE YOUR VALENTINE, EDEL MUSIC, HAPPY HARDCORE, FANTASIA
 SCOOTER, THE AGE OF LOVE, EDEL MUSIC, TRANCE, PLASTIC
 SCOOTER, NO FATE, EDEL MUSIC, TRANCE, FANTASIA
 SCOOTER, CALL ME MAÑANA, EDEL MUSIC, TECHNO, FANTASIA
 SCORPIA, HYPNOSE, MAS VOLUMEN, MAKINA, FANTASIA
 SCOTT BROWN, ECSTASY, FOG AREA RECORDS, HARDTRANCE, FANTASIA
 SCRATCH, SCRATCH   , MAX MUSIC, MAKINA, FANTASIA
 SCREW SPANNER, TRIPPIN' ON LOVE, ILLUMINATE RECORDS, TRANCE, MUSIC MAIL
 SEB, RAINBOW ISLANDS, BLANCO Y NEGRO, HAPPY HARDCORE, FANTASIA
 SECILIA, AS GOOD AS YOUR   , BASIC BEAT RECORDS, TRANCE, FANTASIA
 SECILIA, AS GOOD AS YOUR REMIXES, CLUB CULTURE, TRANCE, MUSIC MAIL
 SECOND DIMENSION, INTO YOUR MIND, REALITY BITES RECORDS, HARDTRANCE, FANTASIA
 SECOND DIMENSION, THE MAGNIFICIENT, REALITY BITES RECORDS, HARDTRANCE, FANTASIA
 SECRET POWER, LET ME DOWN, CONTRASEÑA RECORDS, MAKINA, FANTASIA
 SEE THREE, PART OF MY LIFE, TIME UNLIMITED, TRANCE, FANTASIA
 SENSITY WORLD, GET IT UP, MAX MUSIC, MAKINA, FANTASIA
 SENSITY WORLD, THE WORLD WON'T STOP, ESSENTIAL SOUND, DANCE, FANTASIA
 SENSITY WORLD, X-TASY IN PARADISE, ESSENTIAL SOUND, DANCE, FANTASIA
 SEQUENTIAL ONE, DREAMS, MAX MUSIC, TRANCE, CORTE INGLES
 SEQUENTIAL ONE, INSPIRATION VIBES, CLUBBGROOVE RECORDS, TRANCE, FANTASIA
 SEQUENTIAL ONE, ANGELS  , DO IT YOURSELF, TRANCE, CORTE INGLES
 SERAQUE, WANDERING STARS, CAPTIVATING SOUNDS, TRANCE, MUSIC HEAD
 SHADOWS OF PARADISE, SHADOWS OF PARADISE, TRANCE EUROPE, TRANCE, MUSIC MAIL
 SHAH SX, COSMICA '98, INTERCORD TON GMBH, TECHNO HOUSE, INTERCORD
 SHINE, FEELINGS, DESTINED RECORDS, TRANCE, PLASTIC
 SHINOBI, YMARTHA, QUALITY RECORDS, TECHNO HOUSE, QUALITY
 SIGMA, LISTEN TO THE BEAT, BIT MUSIC, MAKINA, FANTASIA
 SIGNUM, WHAT YA GOT 4 ME, INSOLENT TRACKS, TRANCE, PLASTIC
 SIGNUM, PRESSURE, TIDY TRAX, TRANCE, FANTASIA
 SIGNUM, SOLAR LEVEL, JINX RECORDS, TRANCE, MUSIC MAIL
 SIGNUM, FIRST STRIKE, JINX RECORDS, TRANCE, MUSIC HEAD
 SIGNUM, FIVE YARDS, JINX RECORDS, TRANCE, MUSIC HEAD
 SIGNUM, CURA ME, SILVER PREMIUM, TRANCE, MUSIC HEAD
 SIGNUM feat KATANA, THIRD DIMENSION, SILVER PREMIUM, TRANCE, MUSIC HEAD
 SIGNUM feat SCOTT MAC, COMING ON STRONG, JINX RECORDS, TRANCE, FANTASIA
 SILENCER, FANTASY, DANCE STREET, TRANCE, MUSIC MAIL
 SILENCER, FANTASY, BOY RECORDS, TRANCE, FANTASIA
 SILICON BEATS, MUSIC MACHINE, INTERCORD TON GMBH, HOUSE, INTERCORD
 SILVER SHADOW, HIGH SOCIETY, ZEITGEIST, TRANCE, FANTASIA
 SIN WITH SEBASTIAN, SHUT UP, BMG ARIOLA, EURODANCE, FANTASIA
 SINAPSI, AMETHYST, PRG, TECHNO, CODIGO RECORDS
 SINTESIS, MUNDO DISCO, MAKINARIA, MAKINA, FANTASIA
 SISTEMA 3, LISTEN   , BIT MUSIC, MAKINA, FANTASIA
 SISTEMA 3, GRAZING THE OVER, MAX MUSIC, MAKINA, FANTASIA
 SISTEMA 3, TO THE HOUSE BEAT, MAX MUSIC, MAKINA, FANTASIA
 SISTEMA 3, TIRA, MAX MUSIC, MAKINA, FANTASIA
 SISTEMA 3, CHUPA   , ADN SOUND, MAKINA, FANTASIA
 SISTEMA 3, JUMPING, ADN SOUND, MAKINA, FANTASIA
 SISTEMA 3, SISTEMA3MANIA, ADN SOUND, MAKINA, FANTASIA
 SKANDALO, SMASHING AND DRILLING, CONTRASEÑA RECORDS, MAKINA, FANTASIA
 SKIPPER, STUGGLE FOR PLEASURE, MADE IN DJ, TECHNO, FANTASIA
 SKORIA," WEKE, WEKE", MAS VOLUMEN, MAKINA, FANTASIA
 SKR 309, MASCHINENTANZ, CBR TRAXXX, TRANCE, FANTASIA
 SKYLAB, VIRUS, REEF RECORDINGS, TRANCE, MUSIC MAIL
 SKYSURFER, COLORS, TEMPROGRESSIVE, TRANCE, DICMUSIC
 SLASHING FUNKIDS, EVIL, MAKINARIA, HARDTRANCE, FANTASIA
 SLIPSTREAM, READY TO FLOW  , FUTURE RECORDINGS, TRANCE, FANTASIA
 SLOT MACHINE, FLASHBACK, GO FOR IT, TRANCE, FANTASIA
 SNACK, OVERDOSE REMIXES, CNR MUSIC, TRANCE, FANTASIA
 SNACK vs UWE HACKER, DAMPFRAMME, NOOM RECORDS, TRANCE, CODIGO RECORDS
 SNOW, INFORMER, EAST WEST RECORDS, RAP, FANTASIA
 SOLANGE, MESSAGES, GLOBAL CUTS, TRANCE, FANTASIA
 SOLAR EMPIRE, BACK IN TIME, HAREM RECORDS, TRANCE, MUSIC MAIL
 SOLAR SYSTEM, ALWAYS WITH YOU, INSOLENT TRACKS, PROGRESSIVE, FANTASIA
 SOLID SLEEP, COSMIC ORGASM, DRIZZLY RECORDS, TRANCE, FANTASIA
 SOLID SLEEP, HEARTBEAT, DRIZZLY RECORDS, TRANCE, FANTASIA
 SONAR IMPULSE, THE DOOR TO ETERNITY, BIT MUSIC, TECHNO, FANTASIA
 SONIC EXPERIENCE, FEELINGS, DRIZZLY RECORDS, TRANCE, FANTASIA
 SONIC INC , I FEEL FOR YOU, DMD, TRANCE, MUSIC HEAD
 SONIQUE  , SKY, UNIVERSAL RECORDS, DANCE, FANTASIA
 SONIQUE DEE, I NEED SOMEBODY, RED ALERT, TRANCE, MUSIC MAIL
 SONORO, GET UP & DANCE, MAX MUSIC, DANCE, FANTASIA
 SOSA, THE WAVE REMIXES, TETSUO RECORDS, TRANCE, MUSIC RESEARCH
 SOULDIERS, THIS IS NOT AMERICA, INTERCORD TON GMBH, TECHNO HOUSE, INTERCORD
 SOUND INC, AHEAD, REALITY BITES RECORDS, HARDTRANCE, MUSIC MAIL
 SOUND STRUCTURE, NO LIMITS, PIAS RECORDS, HARDTRANCE, PLASTIC
 SOUND STRUCTURE, D-RAY, PIAS RECORDS, HARDTRANCE, PIAS RECORDS
 SOUND STRUCTURE, D-RAY, RUNNER RECORDS, HARDTRANCE, PLASTIC
 SOUND STRUCTURE, ABSOLUTION, PIAS RECORDS, HARDTRANCE, PIAS RECORDS
 SOUNDCHECK, MINDDRIVE, TSUNAMI RECORDS, TRANCE, MUSIC MAIL
 SOURCE T-10 feat DJ MOE, ASITA, MODEM RECORDS, TRANCE, PLASTIC
 SOUTH WEST, THE FUTURE, DISTRICT RECORDS, TECHNO HOUSE, CORTE INGLES
 SOUTHSIDE SPINNERS, LUVSTRUCK, INSOLENT TRACKS, TECHNO HOUSE, FANTASIA
 SPACE B,,, TRANCE, FANTASIA
 SPACE FROG, LOST IN SPACE '98, VIRGIN RECORDS, TRANCE, FANTASIA
 SPACEKID, WONDERFUL, CNR MUSIC, TECHNO, FANTASIA
 SPANIC, SISTER GOLDEN HAIR, LUCAS RECORDS, MAKINA, FANTASIA
 SPECTRUM, TELL ME WHEN, MAX MUSIC, MAKINA, FANTASIA
 SPEED LIMIT, DON'T GIVE ME UP, MAX MUSIC, MAKINA, FANTASIA
 SPEED LIMIT, PARADISE, MAX MUSIC, MAKINA, FANTASIA
 SPEED LIMIT, REMEMBER, MAX MUSIC, MAKINA, FANTASIA
 SPEED LIMIT, A CRY FOR YOUR LOVE, MAX MUSIC, MAKINA, FANTASIA
 SPELLBOUND, UNIVERSE OF LIFE, OVERDOSE, TRANCE, FANTASIA
 SPLIT 909, YE-BO!, DELTA CITY RECORDS, TECHNO, FANTASIA
 SPOILED & ZIGO, MORE AND MORE, INSOLENT TRACKS, TRANCE, FANTASIA
 SPX, STRAIGHT TO THE POINT, HOOK RECORDINGS, TRANCE, FANTASIA
 SQ1, CAN YOU FEEL ...., KONTOR RECORDS, TECHNO, PLASTIC
 STACATTO," PIANO, PIANO", EPOCCA MUSIC RECORDS, MAKINA, FANTASIA
 STARGATE, BACK IN TIME, HAREM RECORDS, HARDTRANCE, FANTASIA
 STATION 27, MOVE IT UP, MOON RECORDS, MAKINA, FANTASIA
 STATION 27, EMOTION, MOON RECORDS, MAKINA, FANTASIA
 STATUS, BREAK THE SILENCE, MAX MUSIC, MAKINA, FANTASIA
 STATUS, NO MORE PRESSURE, MAX MUSIC, MAKINA, FANTASIA
 STEPHAN MASSIMO, ANYTIME AND ANYWHERE, MAX MUSIC, EURODANCE, FANTASIA
 STEVE BAKER, LOST IN TRANCE, TIME UNLIMITED, TRANCE, PLASTIC
 STEVE BLAKE, EXPRESSION, TIDY TRAX, TRANCE, FANTASIA
 STORM, STORM, INSOLENT TRACKS, TRANCE, FANTASIA
 STORM, HURI-KHAN, INSOLENT TRACKS, TRANCE, FANTASIA
 STORM, LOVE IS HERE TO STAY, DANCE DIVISION, TRANCE, MUSIC MAIL
 STORM, LOVE IS HERE TO STAY (BLANK & JONES REMIX), DANCE DIVISION, TRANCE, FANTASIA
 STORM, STORMANIMAL, ZEITGEIST, TRANCE, MUSIC MAIL
 STORM, WE LOVE, ZEITGEIST, TRANCE, MUSIC HEAD
 SUBSONIK, LIQUID ENERGY, BIT PROGRESSIVE, PROGRESSIVE, FANTASIA
 SUBURB SONICS, HOT LIKE THE SUN, PIAS RECORDS, HARDTRANCE, FANTASIA
 SUN DECADE, I'M ALONE, EUPHONIC, TRANCE, MUSIC HEAD
 SUNBEAM, OUTSIDE WORLD, BOY RECORDS, HARDTRANCE, FANTASIA
 SUNBEAM, EP OF HIGH ADVENTURE, BOY RECORDS, HARDTRANCE, FANTASIA
 SUNBEAM, LOVE IS PARADISE, EXPANDED MUSIC, HARDTRANCE, FANTASIA
 SUNBEAM, ARMS OF HEAVEN, URBAN, TRANCE, FANTASIA
 SUNBEAM, DREAMS, MAX MUSIC, TRANCE, FANTASIA
 SUNBEAM, OUTSIDE WORLD '99, KONTOR RECORDS, TRANCE, PLASTIC
 SUNBEAM, ONE MINUTE IN HEAVEN, CYBER MUSIC, TRANCE, FANTASIA
 SUNBEAM, DO IT, KONTOR RECORDS, TRANCE, MUSIC MAIL
 SUNBEAM, WAKE UP, CYBER MUSIC, TRANCE, FANTASIA
 SUNBEAM, LIGHTYEARS, KONTOR RECORDS, TRANCE, MUSIC HEAD
 SUNCHILD, NIÑO DEL SOL, QUICKEY RECORDS, TRANCE, MUSIC MAIL
 SUNDAY AFTERNOON, FUNKY MUSIQUE REMIXES, SILVEREYE RECORDINGS, TRANCE, PLASTIC
 SUNSCREEM, EXODUS, BONZAI TRANCE, TRANCE, FANTASIA
 SUPER LUX, ELECTRICITY, CNR MUSIC, MAKINA, FANTASIA
 SUPER LUX, EMOTION, CNR MUSIC, MAKINA, FANTASIA
 SUPER LUX, OVIFORMIA, CNR MUSIC, MAKINA, FANTASIA
 SUPER SPACE, TRANCE FORCE, DJ'S AT WORK, HARDTRANCE, FANTASIA
 SUREAL, YOU TAKE MY BREATH AWAY, RADIANT RECORDS, TRANCE, MUSIC MAIL
 SVEN-R-G, GOIN' CRAZY, AQUALOOP RECORDINGS, TRANCE, MUSIC HEAD
 SVENSON, LET ME TAKE YOU ON A TRIP, DANCE OPERA, PROGRESSIVE, FANTASIA
 SVENSON, ACCELERATION, ORBIT-A RECORDS, PROGRESSIVE, PLASTIC
 SVENSON, CLUBBING ON SUNSHINE, AQUALOOP RECORDINGS, TRANCE, MUSIC MAIL
 SVENSON & GIELEN, THE BEAUTY OF SILENCE, DOS OR DIE RECORDINGS, TRANCE, MUSIC MAIL
 SVENSON & GIELEN, TWISTED, ID&T MUSIC BV, TRANCE, MUSIC MAIL
 SVENSON & GIELEN, WE KNOW WHAT YOU DID, JIVE RECORDS, TRANCE, MUSIC HEAD
 SVENSON & GIELEN, WE KNOW WHAT YOU DID REMIXES, JIVE RECORDS, TRANCE, MUSIC HEAD
 SVENSON & GIELEN, WE KNOW WHAT YOU DID REMIXES, JIVE RECORDS, TRANCE, DEEJAY
 SVENSON & GIELEN, ANSWER THE QUESTION, ID&T MUSIC BV, TRANCE, MUSIC HEAD
 SWAM & BASSLINER, MOONPHASE, DMD, TRANCE, FANTASIA
 SWEET DROP, HUMAN NATURE, VENDETTA RECORDS, TECHNO HOUSE, CORTE INGLES
 SYNCHRO, ILLOGICAL SIMMETRY, ALGO SALVAJE, TECHNO, FANTASIA
 SYRINXX, EXXTASY, MASSIVE, HARDTRANCE, MUSIC MAIL
 SYSTEM F, OUT OF THE BLUE, TSUNAMI RECORDS, TRANCE, FANTASIA
 SYSTEM F, OUT OF THE BLUE REMIXES, TSUNAMI RECORDS, TRANCE, CODIGO RECORDS
 SYSTEM F, CRY, INSOLENT TRACKS, TRANCE, FANTASIA
 SYSTEM F, NEEDLE JUICE, TSUNAMI RECORDS, TRANCE, MUSIC HEAD
 SYSTEM F, SOLSTICE, TSUNAMI RECORDS, TRANCE, MUSIC HEAD
 SYSTEM F feat ARMIN, EXHALE, TSUNAMI RECORDS, TRANCE, MUSIC MAIL
 SYSTEM FAITH, PAITH OF GOD, EDM RECORDS, TRANCE, MUSIC HEAD
 T2, 8:15 TO NOWHERE, TETSUO RECORDS, TRANCE, MUSIC RESEARCH
 T2F, I BELIEVE, PYROCLASTICA RECORDS, TRANCE, MUSIC HEAD
 T66, DANCING BOX, ACCELERATION, MAKINA, CORTE INGLES
 TALEESA, I FOUND LUV, MAX MUSIC, EURODANCE, FANTASIA
 TALEESA, LET ME BE  , MAX MUSIC, EURODANCE, FANTASIA
 TALES of DJ PHILIP, ALL NIGHT LONG, FOG AREA TRANCE, TRANCE, MUSIC MAIL
 TALLA 2XLC, IS ANYBODY OUT THERE?, TETSUO RECORDS, TRANCE, MUSIC RESEARCH
 TALLA 2XLC, THE WORLD IN MY EYES, URBAN, TRANCE, MUSIC MAIL
 TALLA 2XLC, THE WORLD IN MY EYES REMIXES, URBAN, TRANCE, MUSIC MAIL
 TALLA 2XLC, DARKNESS, NUTRANCE RECORDS, TRANCE, MUSIC HEAD
 TALLA 2XLC, CAN YOU FEEL THE SILENCE, CLUB CULTURE, TRANCE, MUSIC HEAD
 TALLA 2XLC, COME WITH ME, CLUB CULTURE, TRANCE, MUSIC HEAD
 TALLA meets TOM WAX, ENERGY, TETSUO RECORDS, HARDTRANCE, MUSIC RESEARCH
 TALLA vs TAUCHER, TOGETHER, SUCK ME PLASMA, TRANCE, MUSIC RESEARCH
 TANTRA, WEEKEND, MARDUK RECORDS, TECHNO, FANTASIA
 T.B.R., YOU KNOW, ILLUMINATE RECORDS, TRANCE, MUSIC MAIL
 TECHNOTRONIC, GET UP!, MAX MUSIC, DANCE, SEGUNDA MANO
 TEKKNO BY PASS, IT'S A GREAT FUN, ACCELERATION, MAKINA, FANTASIA
 TEMPLE OF FORTUNE, QUIT SAFE, SPACE TRAXX, TRANCE, PLASTIC
 TEN INCH, SPLASH, GO FOR IT, TRANCE, FANTASIA
 TERMINAL, POEM WITHOUT WORDS, MAX MUSIC, MAKINA, FANTASIA
 TERMINAL, POEM WITHOUT WORDS REMIXES, MAX MUSIC, MAKINA, FANTASIA
 TERRA & STEVENS, ONE, MODEM RECORDS, TRANCE, MUSIC MAIL
 TERRA V, SPIRIT OF JOY, BLUTONIUM RECORDS, TRANCE, MUSIC MAIL
 TERRA WAN, I KNOW, BOY RECORDS, EURODANCE, FANTASIA
 TESOX, GO AHEAD LONDON, MADE IN DJ, TECHNO, TRACK RECORDS
 THA PUMPKINS, TAKE ME   , ONE WAY RECORDS, TRANCE, FANTASIA
 THE 7TH PLANE, CALL DIVERTING, PRG, TECHNO, CODIGO RECORDS
 THE ACT, SOMETHING ABOUT U REMIXES, SPOT ON RECORDS, TECHNO, FANTASIA
 THE ADMIRALS, THE ADMIRALS, BOY RECORDS, MAKINA, FANTASIA
 THE ADVENTIST, INFINITE, TETSUO RECORDS, TRANCE, MUSIC RESEARCH
 THE AGE OF LOVE, THE AGE OF LOVE, BLANCO Y NEGRO, TECHNO, PLASTIC
 THE ATLEX, FORBIDDEN SITE, DJ'S AT WORK, HARDTRANCE, FANTASIA
 THE BLACKMASTER, CLUB CONFIDENTIAL, BONZA UK RECORDS, TRANCE, PLASTIC
 THE BONZAI EP, V.A., BOY RECORDS, TRANCE, FANTASIA
 THE BONZAI EP 2, V.A., BOY RECORDS, TRANCE, FANTASIA
 THE C.A.L. II PROJECT, PROVIDE, FOG AREA LIMITED, HARDTRANCE, FANTASIA
 THE CHEMICAL BROTHERS, HEY BOY HEY GIRL, VIRGIN RECORDS, TECHNO, CORTE INGLES
 THE DIFFERENCE, FUNNY WALKER, MAX MUSIC, TECHNO HOUSE, PLASTIC
 THE FALL, THE FALL, TUNNEL RECORDS, HARDTRANCE, FANTASIA
 THE FLATLINERS, I CAN READ YOUR MIND, QUADROPHON RECORDS, TRANCE, MUSIC MAIL
 THE FREE, LOVER ON THE LINE, SONY MUSIC, EURODANCE, FANTASIA
 THE GENERATOR, WHERE ARE YOU NOW, POLAR STATE, PROGRESSIVE, PLASTIC
 THE KING OF HOUSE, THE BIRD, MD RECORDS, MAKINA, FANTASIA
 THE KING OF HOUSE, DRUM FIRE, MD RECORDS, MAKINA, FANTASIA
 THE KONK, FLOG, RED ALERT, HARDTRANCE, FANTASIA
 THE MONTINI EXPERIENCE II, ASTROSYN EP, MADE IN DJ, HARDTRANCE, FANTASIA
 THE MONTINI EXPERIENCE II, ASTROSYN REMIXES, MADE IN DJ, HARDTRANCE, FANTASIA
 THE MONTINI EXPERIENCE III, ROCK YOUR BODY, MADE IN DJ, HARDTRANCE, FANTASIA
 THE POSTMAN, I DISS YOU, RED ALERT, TRANCE, FANTASIA
 THE PROJECT, MELTDOWN, CHUG'N BUMP RECORDS, TECHNO, FANTASIA
 THE PROMISE OF FUTURE, THE PROMISE OF FUTURE, MUSIC TEACHER'S, MAKINA, FANTASIA
 THE RHYTHM ANTHEM, D! ZONE, CONTRASEÑA RECORDS, MAKINA, FANTASIA
 THE RHYTHM SECTION, YOU CAN FEEL, IDM PRODUCTIONS, EURODANCE, FANTASIA
 THE ROBOT, DIE GEBURT, MINDWORX RECORDINGS, TRANCE, INTERGROOVE
 THE ROLLING STONES, ANYBODY SEEN MY BABY, VIRGIN RECORDS, POP ROCK, HIT XOP
 THE SENSE, CONTRADICTION, H&G RECORDS, TRANCE, PLASTIC
 THE SNAPPER, PULSAR, BONZAI TRANCE, TRANCE, FANTASIA
 THE SPACE BROTHERS, HEAVEN WILL COME, MANIFESTO, TRANCE, FANTASIA
 THE SPY, THE PERSUADERS THEME, MAX MUSIC, TECHNO, FANTASIA
 THE THRILLSEEKERS, DREAMING OF YOU REMIXES, CODE BLUE, TRANCE, MUSIC HEAD
 T.H. EXPRESS, I'LL BE YOUR NUMBER ONE, HOTLINE RECORDS, EURODANCE, FANTASIA
 THOMA HOUSE, THE SOUND OF P, FERPAS MUSIC, MAKINA, PLASTIC
 THOMA HOUSE, ECOLOGICAL GAS, FERPAS MUSIC, MAKINA, FANTASIA
 THOMAS KRAUTTMANN, BONZAILEAD, BLUTONIUM RECORDS, TRANCE, MUSIC MAIL
 THOMAS KRAUTTMANN, MOMENTS  , BLUTONIUM RECORDS, TRANCE, MUSIC MAIL
 THREE'N ONE, RISE & SHINE, NEXTFIRE, TRANCE, FANTASIA
 THURSDAY CLUB, THUNDERDOME, TETSUO RECORDS, TRANCE, MUSIC RESEARCH
 TIBET TEAM FRANKFURT, FUTURE & DESTINY, BOOTY BEATZ RECORDS, TRANCE, FANTASIA
 TIBET TEAM FRANKFURT, AUSTRALIA, BEATZ ONLY RECORDS, TRANCE, MUSIC MAIL
 TILLMANN UHRMACHER, ON THE RUN   , FOG AREA TRANCE, TRANCE, MUSIC HEAD
 TILLMANN UHRMACHER, ON THE RUN REMIXES, KONTOR RECORDS, TRANCE, MUSIC HEAD
 TILLMANN UHRMACHER, FRIENDS  , FOG AREA TRANCE, TRANCE, DEEJAY
 TILT, DARK SILENCE E.P., HOOJ CHOONS, TRANCE, MUSIC MAIL
 TIMEKEEPERS, THE FUTURE, SUCK ME PLASMA, TRANCE, MUSIC RESEARCH
 TIMO MAAS, DER SCHIEBER, 3 LANKA, TECHNO, FANTASIA
 T'N'T, I WILL NEVER BE YOURS, ACCELERATION, MAKINA, FANTASIA
 TOKYO GETTO PUSSY, FLY ME TO THE MOON, ZEITGEIST, TRANCE, MUSIC HEAD
 TOM WAX & JAN JAKARTA, WIZARDS OF SOUND, TECHNOCLUB RECORDS, TRANCE, MUSIC HEAD
 TOM WAX & JAN JAKARTA, READY TO EXPLODE, TEMPROGRESSIVE, TRANCE, CORTE INGLES
 TOMSKI feat JAN JOHNSTON, LOVE WILL COME, XTRAVAGANZA RECORDINGS, TRANCE, FANTASIA
 TONI FLASH, COCOOM, BIT MUSIC, MAKINA, FANTASIA
 TONY AGUILAR, THE CROWN, BLANCO Y NEGRO, DANCE, FANTASIA
 TONY DE VIT, SPLASHDOWN, TIDY TRAX, TECHNO, FANTASIA
 TONY H, ZOO FUTURE, MINDWORX RECORDINGS, TRANCE, INTERGROOVE
 TONY H, SICILIA ... YOU GOT IT!, BXR ITALY, TRANCE, FANTASIA
 TORO, GIVE ME ECSTASY, BLANCO Y NEGRO, EURODANCE, FANTASIA
 T.P.F.F., KEEP ON DOIN', MAX MUSIC, EURODANCE, FANTASIA
 TR JUNIOR, ROCK WITH ME, AMATO, TRANCE, FANTASIA
 TRANCE GENETIC, AROUND YOUR SPACE, PULSE RECORDS, TRANCE, MUSIC MAIL
 TRANCEFORMER feat NEIL, LUNATIC ANGEL, BLANCO Y NEGRO, EURODANCE, FANTASIA
 TRANCEMOTION, BLUE , UNDERWORLD RECORDS, TRANCE, MUSIC MAIL
 TRANCEPORT X, MOMENTS OF SILENCE, VALE MUSIC, HARDTRANCE, FANTASIA
 TRANSA, ROTATION, HOOK RECORDINGS, TRANCE, MUSIC HEAD
 TRAUMA, PARTY TIME, TIDY TRAX, TRANCE, FANTASIA
 TRIBAL JAM, DEMARRE LE SHOW, INTERCORD TON GMBH, HOUSE, INTERCORD
 TRIBAL NOISE, FOLLOW ME   , WICKED TUNES, TRANCE, MUSIC MAIL
 TRIBES OF SUPERIA, THE INVASION, VELVET VIBE RECORDS, TRANCE, PLASTIC
 TRIDIMENSIONAL, VAMONOS!, CLICK RECORDS, MAKINA, FANTASIA
 TUBE, WAKE UP, SHOGUN RECORDS, TRANCE, FANTASIA
 TUNNEL TRANCE FORCE, BLUE NIGHTS, TUNNEL RECORDS, HARDTRANCE, MUSIC MAIL
 TUNNEL TRANCE FORCE, WHITE NIGHTS, TUNNEL RECORDS, HARDTRANCE, FANTASIA
 TUNNEL TRANCE FORCE, YELLOW NIGHTS, TUNNEL RECORDS, HARDTRANCE, MUSIC MAIL
 TWENTY 4 SEVEN, ARE YOU DREAMING?, BLANCO Y NEGRO, EURODANCE, SEGUNDA MANO
 TWENTY 4 SEVEN, TAKE ME AWAY, CNR MUSIC, EURODANCE, FANTASIA
 TWENTY 4 SEVEN, LEAVE THEM ALONE, CNR MUSIC, EURODANCE, FANTASIA
 TWENTY 4 SEVEN, KEEP ON TRYIN'', CNR MUSIC, EURODANCE, FANTASIA
 TWINAX, PSYCHO, TETSUO RECORDS, TRANCE, MUSIC RESEARCH
 TWO CONCEPTS, ATTRACTION, BOY RECORDS, MAKINA, FANTASIA
 TWO DEEJAYS, THE CAT, MAX MUSIC, MAKINA, PLASTIC
 TWO GOOD, SPEED, MAX MUSIC, MAKINA, FANTASIA
 TWO LORDS, INDECENT, CHIM CHIM PUM RECORDS, MAKINA, FANTASIA
 TWO PLANETS, ELECTRIC ANGEL, PINK RECORDS, MAKINA, FANTASIA
 TYROME, ELECTRIC VOODOO, BONZAI GROOVE, TRANCE, FANTASIA
 TYROME, BAD MUSIC, AMENO, TRANCE, DEEJAY
 TZABOO, BOOM BOOM, MAS VOLUMEN, DANCE, FANTASIA
 U96, NIGHT IN MOTION, URBAN, DANCE, FANTASIA
 U96, LOVE RELIGION, URBAN, DANCE, FANTASIA
 U96, DAS BOOT 2001, URBAN, TRANCE, FANTASIA
 UFO WAVES, THE BALLOOM '99, UFO WAVES, MAKINA, FANTASIA
 UGLY KID JAY, THE DAY THE EARTH CAUGHT FIRE, DANCE POLUTION, TRANCE, FANTASIA
 U.K.W., HYPNOTIC, T.T.F RECORDS, TRANCE, PLASTIC
 ULTIMATE, TO STRONG, SPACEFLOWER RECORDS, HARDTRANCE, MUSIC MAIL
 ULTIMATE, IT'S NOT A SHAME, SPACEFLOWER RECORDS, HARDTRANCE, FANTASIA
 ULTRASHOCK, THE SOUND OF E, TRACID TRAXXX, TRANCE, FANTASIA
 UNIDAD VIRTUAL, BOOM BOOM GIRL, CHRYSALIS, MAKINA, FANTASIA
 UNIDAD VIRTUAL, ONE  , MAX MUSIC, MAKINA, PLASTIC
 UNION JACK, TWO FULL MOONS ON A TROUT, TECHNOGOLD, TRANCE, CORTE INGLES
 UNITED DEEJAYS FOR CENTRAL AMERICA, TOO MUCH RAIN, EMI GMBH, TRANCE, FANTASIA
 UNITED MINDS, LOGIC TIME, ACCELERATION, MAKINA, FANTASIA
 UNIVERSAL DREAM, HEAVEN, FRIENSHIP RECORDINGS, TRANCE, MUSIC MAIL
 UNIVERSAL DREAM, FREE, SONAR RECORDS, TRANCE, MUSIC MAIL
 UNIX, ATTENZIONE, MONOTONE, TRANCE, FANTASIA
 UNIX, ANOTHER DAY, MONOTONE, TRANCE, MUSIC MAIL
 UNIX, A FEW MORE MOMENTS, MONOTONE, TRANCE, MUSIC MAIL
 UNLIKE , UNLIKE, BOY RECORDS, MAKINA, FANTASIA
 UNMARK, THE SILENT YOU, SIRUP RECORDS, TRANCE, MUSIC HEAD
 URBAN COOKIE COLLECTIVE, HIGH ON A HAPPY VIBE, BLANCO Y NEGRO, EURODANCE, FANTASIA
 URBAN'S, WHISTLE HYMN, METROPOL RECORDS, MAKINA, FANTASIA
 U.S.U.R.A., TRANCE EMOTIONS, TIME RECORDS, TRANCE, FANTASIA
 VAN GILS & DE GOEIJ, I DON''T GIVE YOU ANYMORE, SMASH TRAX, PROGRESSIVE, PLASTIC
 VECTREX, METEOR, KOMATUNES RECORDS, TRANCE, MUSIC MAIL
 VECTREX, LINE OF FIRE, GO FOR IT, TRANCE, MUSIC HEAD
 VENERDI, PARADISE BEACH, MEDIA RECORDS, TECHNO, FANTASIA
 VENGABOYS," BOOM, BOOM, BOOM", BLANCO Y NEGRO, DANCE, FANTASIA
 VENUS INC, NO FEAR, SCUBA RECORDS, TRANCE, FANTASIA
 VERACOCHA, CARTE BLANCHE, DEAL RECORDS, TRANCE, PLASTIC
 VERACOCHA, CARTE BLANCHE REMIXES, DEAL RECORDS, TRANCE, FANTASIA
 VESPA 63 & DJ INSIDER, ELECTRISHER, PROGRESSIVE STATE RECORDS, TRANCE, MUSIC MAIL
 VFR SYSTEM, GOOD LUCK SONG, BOY RECORDS, MAKINA, FANTASIA
 VFR SYSTEM, BE GOOD, BOY RECORDS, MAKINA, FANTASIA
 VIAL RAP, BUENA IDEA, QUALITY RECORDS, MAKINA, REGALADO
 VIMANA, WE CAME, TEMPROGRESSIVE, TRANCE, FANTASIA
 VINCENT & QUENTIN, THE THEME, AFTERGLOW RECORDS, TRANCE, MUSIC HEAD
 VINCENT DE MOOR, SHAMU, DEAL RECORDS, TRANCE, FANTASIA
 VINCENT DE MOOR, MOOR, DEAL RECORDS, TRANCE, FANTASIA
 VIPER, BLUE SUNSHINE REMIXES, YETI RECORDS, TECHNO, FANTASIA
 VIRGO, THE GAME, BYTE PROGRESSIVE, PROGRESSIVE, FANTASIA
 VIRTUA, UNIVERSE OF LOVE, KOMATUNES RECORDS, TRANCE, MUSIC MAIL
 VIRTUA  , UNIVERSE OF LOVE, KOMATUNES RECORDS, TRANCE, MUSIC MAIL
 VIRTUAL TRACKS, I CAN'T STOP   , MAX MUSIC, MAKINA, FANTASIA
 VIRTUAL TRANCER, DEEP FEAR, BONZAI TRANCE, TRANCE, FANTASIA
 VIRUS, THE FINAL DESTINY, BYTE RECORDS, PROGRESSIVE, FANTASIA
 VISION ONE, EXCELL, MAX MUSIC, MAKINA, FANTASIA
 VISIONS OF JAWA, TIBET, HAREM RECORDS, TRANCE, MUSIC MAIL
 VOODOO & SERANO, WHEN I ROCK, URBAN, TRANCE, MUSIC HEAD
 VOYAGER, ENDLESS, ALGO SALVAJE, MAKINA, FANTASIA
 VOYAGER ONE, DREAM STATE, ESCAPE RECORDS, TRANCE, MUSIC MAIL
 V.TRACKS, SUBWAY 26, XTRANOVA RECORDS, TECHNO, FANTASIA
 WAG & MISAR, THE SECRET 2002, DMD, TRANCE, MUSIC MAIL
 WALDEN, RUNNING, TEMPROGRESSIVE, PROGRESSIVE, FANTASIA
 WARLOCK, THE SOUND   , MAJESTIC 12 RECORDS, TRANCE, MUSIC MAIL
 WARLOCK, PLANET P, PROTON RECORDS, TRANCE, FANTASIA
 WARMSDUCHER, 10 KLEINE BASSDRUMS, TRACID TRAXXX, TRANCE, FANTASIA
 WATCHMAKER, TIC TIC TARA '95 REMIXES, LUCAS RECORDS, MAKINA, FANTASIA
 WATCHMAKER, BE QUIET, LUCAS RECORDS, MAKINA, FANTASIA
 WATERGATE, MAID OF ORLEANS REMIXES, UNDERDOG RECORDS, TRANCE, PLASTIC
 WATERGATE, HEART OF ASIA, UNDERDOG RECORDS, TRANCE, MUSIC MAIL
 WAX TRAX, SPEED OF LIGHT, TETSUO RECORDS, TRANCE, MUSIC RESEARCH
 WELCOME, TYPHIKO, MAX MUSIC, MAKINA, FANTASIA
 WELCOME, ISHTAR, DJ'S AT WORK, MAKINA, FANTASIA
 WELTLICHTER, VISION OF LOVE, PUSH UP RECORDS, TRANCE, DICMUSIC
 WHACKY VISIONS, VISIONS, HAREM RECORDS, HARDTRANCE, FANTASIA
 WHITE KNIGHTS, IN THE DARK, MYSTHICA, PROGRESSIVE, FANTASIA
 WINTERMUTE, HANDS OF FATE, MOON RECORDS, MAKINA, FANTASIA
 WINTERMUTE, SICK OF LOVE, MOON RECORDS, MAKINA, FANTASIA
 WINTERMUTE, IN YOUR EYES, MOON RECORDS, MAKINA, FANTASIA
 WIZARDS OF SONIC, SUNRISE, FRIENSHIP RECORDINGS, TRANCE, MUSIC MAIL
 WORKSTATION, GET READY, BOY RECORDS, MAKINA, FANTASIA
 WORMS, ICE STORM, FUTURE RECORDINGS, TRANCE, FANTASIA
 XALLUX, TAKE A TRIP, MINDWORX RECORDINGS, TRANCE, PLASTIC
 XAVI ESCOLANO, D.A.F.Y.K., DJ'S AT WORK, MAKINA, FANTASIA
 X.C.A.L.I.B.U.R., XCALIBUR, WILD WEST RECORDS, MAKINA, FANTASIA
 XENAYO, HEAR THAT VOICE AGAIN, MADHOUSE RECORDS, TRANCE, MUSIC MAIL
 X-ITE, I KEEP GOING ON, FULL-E RECORDS, HARDTRANCE, FANTASIA
 X-ITE, KICK SOME ASS, FULL-E RECORDS, HARDTRANCE, MUSIC MAIL
 X-ITE & X-CESS, MUTHER BEATZ, UK44 RECORDS, HARDTRANCE, MUSIC MAIL
 X.O.R., FUSION, PRODISC, TECHNO, FANTASIA
 XPOSE, ANOTHER WORLD, MAX MUSIC, MAKINA, FANTASIA
 XPOSE, VIRTUAL SOUND, MAX MUSIC, MAKINA, FANTASIA
 XQUE?, THE WORLD OF BUENRI, MAX MUSIC, MAKINA, FANTASIA
 XQUE?, XQUE? VOL 2, MAX MUSIC, MAKINA, FANTASIA
 XQUE?, I HAVE A DREAM, MAX MUSIC, MAKINA, FANTASIA
 XQUE?, XQUE? VOL 4, MAX MUSIC, MAKINA, FANTASIA
 X.R.X., COMPUTER, FERPAS MUSIC, TECHNO, FANTASIA
 XTATIC, EMOTIONAL SATURATION, MAX MUSIC, MAKINA, FANTASIA
 XTATION, DJ SAVED MY LIFE, MAX MUSIC, MAKINA, FANTASIA
 X-TRANCE, FRIENDS 2000, FRIENSHIP RECORDINGS, TRANCE, MUSIC MAIL
 Y, DAYDREAM, FRIENSHIP RECORDINGS, TRANCE, MUSIC MAIL
 Y, THE ULTIMATE, FRIENSHIP RECORDINGS, TRANCE, MUSIC HEAD
 YAHEL, SUGAR ONE, CYBER RECORDS, TRANCE, MUSIC HEAD
 YAKOOZA, DRUGS, OVERDOSE, TRANCE, MUSIC MAIL
 YAKOOZA, COCAINE, OVERDOSE, TRANCE, MUSIC MAIL
 YAKOOZA, STRONGER, OVERDOSE, TRANCE, MUSIC MAIL
 YANOU feat DO, ON AND ON, URBAN, TRANCE, MUSIC HEAD
 YESSE feat OPEN SYSTEM, FUSION, TERMINAL TRAXX RECORDS, TRANCE, DEEJAY
 YODA, DEFINITELY, NETRECORD-Z RECORDS, TRANCE, MUSIC MAIL
 YOJI BIOMEHANIKA, DING A LING, DRUCK RECORDS, TRANCE, MUSIC HEAD
 YOLY, TO FRANCE, CONTRASEÑA RECORDS, MAKINA, FANTASIA
 Y.O.M.C., GREAT FEELINGS, SPACE TRAXX, TRANCE, FANTASIA
 Y.O.M.C., FUCK UP YOUR EARS, SPACE TRAXX, TRANCE, FANTASIA
 Y.O.M.C., OASIS, SPACE TRAXX, TRANCE, FANTASIA
 Y.O.M.C., IN MY MIND, OVERDOSE, TRANCE, MUSIC HEAD
 YP ANALYZER, DIE ZWANGSJACKE DER LIEBE, EDM RECORDS, HARDTRANCE, FANTASIA
 YVES DERUYTER, OUTSIDERS, BONZAI RECORDS, HARDTRANCE, FANTASIA
 YVES DERUYTER, OUTSIDERS REMIXES, BONZAI RECORDS, HARDTRANCE, MUSIC MAIL
 YVES DERUYTER, A STORY ABOUT HOUSE, BONZAI RECORDS, TRANCE, FANTASIA
 YVES DERUYTER, CALLING EARTH '97 REMIXES, ZYX MUSIC, TRANCE, FANTASIA
 YVES DERUYTER, BACK TO EARTH, BONZAI TRANCE, TRANCE, MUSIC MAIL
 YVES DERUYTER, FEEL FREE, BIT PROGRESSIVE, TRANCE, PLASTIC
 YVES DERUYTER, FACTOR Y, BONZAI TRANCE, TRANCE, MUSIC MAIL
 YVES DERUYTER, TO THE RHYTHM, BONZAI RECORDS, TRANCE, MUSIC MAIL
 YVES DERUYTER, RHYTHMIC BAZZ, BONZAI TRANCE, TRANCE, MUSIC MAIL
 Z100, ARRIVARRIVA, ENERGY SRL, EURODANCE, FANTASIA
 Z100, ARRIVARRIVA REMIXES, BLANCO Y NEGRO, EURODANCE, FANTASIA
 ZAR, NUNCA SIN TI, MAX MUSIC, DANCE, FANTASIA
 ZEN-MEN, PROTEK, NOOM RECORDS, TECHNO, PLASTIC
 ZENTRAL, ATTACK, MD RECORDS, MAKINA, FANTASIA
 ZHIVAGO, CELEBRATE THE LOVE, MAX MUSIC, TECHNO, FANTASIA
 ZHIVAGO, DREAMER, DIG IT, TECHNO, FANTASIA
 ZONE, NUEVA GENERACION, BOY RECORDS, MAKINA, FANTASIA
